1,0,8,-21,2
1,1,8,-21,2
1,2,8,-21,2
1,3,8,-21,2
1,4,8,-21,2
1,5,8,-21,2
1,6,8,-21,2
1,7,9,-20,4
1,8,9,-20,4
1,9,9,-20,4
1,10,9,-20,4
1,11,9,-20,4
1,12,9,-20,4
1,13,9,-20,4
1,14,9,-20,4
1,15,9,-20,4
1,16,9,-20,4
1,17,6,-19,4
1,18,6,-19,4
1,19,6,-19,4
1,20,6,-19,4
1,21,6,-19,4
1,22,6,-19,4
1,23,6,-19,4
1,24,6,-19,4
1,25,6,-19,4
1,26,6,-19,4
1,27,6,-19,4
1,28,9,-20,2
1,29,9,-20,2
1,30,9,-20,2
1,31,9,-20,2
1,32,9,-20,2
1,33,9,-20,2
1,34,9,-20,2
1,35,9,-20,2
1,36,9,-20,2
1,37,9,-20,2
1,38,8,-19,4
1,39,8,-19,4
1,40,8,-19,4
1,41,8,-19,4
1,42,8,-19,4
1,43,8,-19,4
1,44,8,-19,4
1,45,8,-19,4
1,46,8,-19,4
1,47,8,-19,4
1,48,9,-15,3
1,49,9,-15,3
1,50,9,-15,3
1,51,9,-15,3
1,52,9,-15,3
1,53,9,-15,3
1,54,9,-15,3
1,55,9,-15,3
1,56,9,-15,3
1,57,9,-15,3
1,58,9,-15,3
1,59,8,-13,4
1,60,8,-13,4
1,61,8,-13,4
1,62,8,-13,4
1,63,8,-13,4
1,64,8,-13,4
1,65,8,-13,4
1,66,8,-13,4
1,67,8,-13,4
1,68,8,-13,4
1,69,10,-11,3
1,70,10,-11,3
1,71,10,-11,3
1,72,10,-11,3
1,73,10,-11,3
1,74,10,-11,3
1,75,10,-11,3
1,76,10,-11,3
1,77,10,-11,3
1,78,10,-11,3
1,79,10,-11,4
1,80,10,-11,4
1,81,10,-11,4
1,82,10,-11,4
1,83,10,-11,4
1,84,10,-11,4
1,85,10,-11,4
1,86,10,-11,4
1,87,10,-11,4
1,88,10,-11,4
1,89,9,-8,1
1,90,9,-8,1
1,91,9,-8,1
1,92,9,-8,1
1,93,9,-8,1
1,94,9,-8,1
1,95,9,-8,1
1,96,9,-8,1
1,97,9,-8,1
1,98,9,-8,1
1,99,9,-8,1
1,100,8,-3,1
1,101,8,-3,1
1,102,8,-3,1
1,103,8,-3,1
1,104,8,-3,1
1,105,8,-3,1
1,106,8,-3,1
1,107,8,-3,1
1,108,8,-3,1
1,109,8,-3,1
1,110,7,1,1
1,111,7,1,1
1,112,7,1,1
1,113,7,1,1
1,114,7,1,1
1,115,7,1,1
1,116,7,1,1
1,117,7,1,1
1,118,7,1,1
1,119,7,1,1
1,120,7,-1,3
1,121,7,-1,3
1,122,7,-1,3
1,123,7,-1,3
1,124,7,-1,3
1,125,7,-1,3
1,126,7,-1,3
1,127,7,-1,3
1,128,7,-1,3
1,129,7,-1,3
1,130,7,-1,3
1,131,9,0,3
1,132,9,0,3
1,133,9,0,3
1,134,9,0,3
1,135,9,0,3
1,136,9,0,3
1,137,9,0,3
1,138,9,0,3
1,139,9,0,3
1,140,9,0,3
1,141,7,0,4
1,142,7,0,4
1,143,7,0,4
1,144,7,0,4
1,145,7,0,4
1,146,7,0,4
1,147,7,0,4
1,148,7,0,4
1,149,7,0,4
1,150,7,0,4
1,151,9,0,2
1,152,9,0,2
1,153,9,0,2
1,154,9,0,2
1,155,9,0,2
1,156,9,0,2
1,157,9,0,2
1,158,9,0,2
1,159,9,0,2
1,160,9,0,2
1,161,9,0,2
1,162,7,0,2
1,163,7,0,2
1,164,7,0,2
1,165,7,0,2
1,166,7,0,2
1,167,7,0,2
1,168,7,0,2
1,169,7,0,2
1,170,7,0,2
1,171,7,0,2
1,172,8,0,1
1,173,8,0,1
1,174,8,0,1
1,175,8,0,1
1,176,8,0,1
1,177,8,0,1
1,178,8,0,1
1,179,8,0,1
1,180,8,0,1
1,181,8,0,1
1,182,8,0,3
1,183,8,0,3
1,184,8,0,3
1,185,8,0,3
1,186,8,0,3
1,187,8,0,3
1,188,8,0,3
1,189,8,0,3
1,190,8,0,3
1,191,8,0,3
1,192,8,0,3
1,193,8,0,2
1,194,8,0,2
1,195,8,0,2
1,196,8,0,2
1,197,8,0,2
1,198,8,0,2
1,199,8,0,2
1,200,8,0,2
1,201,8,0,2
1,202,8,0,2
1,203,8,0,4
1,204,8,0,4
1,205,8,0,4
1,206,8,0,4
1,207,8,0,4
1,208,8,0,4
1,209,8,0,4
1,210,8,0,4
1,211,8,0,4
1,212,8,0,4
1,213,7,0,2
1,214,7,0,2
1,215,7,0,2
1,216,7,0,2
1,217,7,0,2
1,218,7,0,2
1,219,7,0,2
1,220,7,0,2
1,221,7,0,2
1,222,7,0,2
1,223,7,0,2
1,224,9,-1,3
1,225,9,-1,3
1,226,9,-1,3
1,227,9,-1,3
1,228,9,-1,3
1,229,9,-1,3
1,230,9,-1,3
1,231,9,-1,3
1,232,9,-1,3
1,233,9,-1,3
1,234,9,1,0
1,235,9,1,0
1,236,9,1,0
1,237,9,1,0
1,238,9,1,0
1,239,9,1,0
1,240,9,1,0
1,241,9,1,0
1,242,9,1,0
1,243,9,1,0
1,244,7,-1,4
1,245,7,-1,4
1,246,7,-1,4
1,247,7,-1,4
1,248,7,-1,4
1,249,7,-1,4
1,250,7,-1,4
1,251,7,-1,4
1,252,7,-1,4
1,253,7,-1,4
1,254,7,-1,4
1,255,8,-7,-1
1,256,8,-7,-1
1,257,8,-7,-1
1,258,8,-7,-1
1,259,8,-7,-1
1,260,8,-7,-1
1,261,8,-7,-1
1,262,8,-7,-1
1,263,8,-7,-1
1,264,8,-7,-1
1,265,5,-16,-2
1,266,5,-16,-2
1,267,5,-16,-2
1,268,5,-16,-2
1,269,5,-16,-2
1,270,5,-16,-2
1,271,5,-16,-2
1,272,5,-16,-2
1,273,5,-16,-2
1,274,5,-16,-2
1,275,9,-53,3
1,276,9,-53,3
1,277,9,-53,3
1,278,9,-53,3
1,279,9,-53,3
1,280,9,-53,3
1,281,9,-53,3
1,282,9,-53,3
1,283,9,-53,3
1,284,9,-53,3
1,285,9,-53,3
1,286,10,-83,5
1,287,10,-83,5
1,288,10,-83,5
1,289,10,-83,5
1,290,10,-83,5
1,291,10,-83,5
1,292,10,-83,5
1,293,10,-83,5
1,294,10,-83,5
1,295,10,-83,5
1,296,7,-98,1
1,297,7,-98,1
1,298,7,-98,1
1,299,7,-98,1
1,300,7,-98,1
1,301,7,-98,1
1,302,7,-98,1
1,303,7,-98,1
1,304,7,-98,1
1,305,7,-98,1
1,306,6,-124,-5
1,307,6,-124,-5
1,308,6,-124,-5
1,309,6,-124,-5
1,310,6,-124,-5
1,311,6,-124,-5
1,312,6,-124,-5
1,313,6,-124,-5
1,314,6,-124,-5
1,315,6,-124,-5
1,316,6,-124,-5
1,317,3,-123,-5
1,318,3,-123,-5
1,319,3,-123,-5
1,320,3,-123,-5
1,321,3,-123,-5
1,322,3,-123,-5
1,323,3,-123,-5
1,324,3,-123,-5
1,325,3,-123,-5
1,326,3,-123,-5
1,327,4,-18,-9
1,328,4,-18,-9
1,329,4,-18,-9
1,330,4,-18,-9
1,331,4,-18,-9
1,332,4,-18,-9
1,333,4,-18,-9
1,334,4,-18,-9
1,335,4,-18,-9
1,336,4,-18,-9
1,337,6,-21,3
1,338,6,-21,3
1,339,6,-21,3
1,340,6,-21,3
1,341,6,-21,3
1,342,6,-21,3
1,343,6,-21,3
1,344,6,-21,3
1,345,6,-21,3
1,346,6,-21,3
1,347,9,-21,2
1,348,9,-21,2
1,349,9,-21,2
1,350,9,-21,2
1,351,9,-21,2
1,352,9,-21,2
1,353,9,-21,2
1,354,9,-21,2
1,355,9,-21,2
1,356,9,-21,2
1,357,7,-21,3
1,358,7,-21,3
1,359,7,-21,3
1,360,7,-21,3
1,361,7,-21,3
1,362,7,-21,3
1,363,7,-21,3
1,364,7,-21,3
1,365,7,-21,3
1,366,7,-21,3
1,367,7,-21,3
1,368,10,-20,3
1,369,10,-20,3
1,370,10,-20,3
1,371,10,-20,3
1,372,10,-20,3
1,373,10,-20,3
1,374,10,-20,3
1,375,10,-20,3
1,376,10,-20,3
1,377,10,-20,3
1,378,6,-19,3
1,379,6,-19,3
1,380,6,-19,3
1,381,6,-19,3
1,382,6,-19,3
1,383,6,-19,3
1,384,6,-19,3
1,385,6,-19,3
1,386,6,-19,3
1,387,6,-19,3
1,388,9,-21,1
1,389,9,-21,1
1,390,9,-21,1
1,391,9,-21,1
1,392,9,-21,1
1,393,9,-21,1
1,394,9,-21,1
1,395,9,-21,1
1,396,9,-21,1
1,397,9,-21,1
1,398,9,-21,1
1,399,7,-21,5
1,400,7,-21,5
1,401,7,-21,5
1,402,7,-21,5
1,403,7,-21,5
1,404,7,-21,5
1,405,7,-21,5
1,406,7,-21,5
1,407,7,-21,5
1,408,7,-21,5
1,409,9,-19,2
1,410,9,-19,2
1,411,9,-19,2
1,412,9,-19,2
1,413,9,-19,2
1,414,9,-19,2
1,415,9,-19,2
1,416,9,-19,2
1,417,9,-19,2
1,418,9,-19,2
1,419,7,-21,2
1,420,7,-21,2
1,421,7,-21,2
1,422,7,-21,2
1,423,7,-21,2
1,424,7,-21,2
1,425,7,-21,2
1,426,7,-21,2
1,427,7,-21,2
1,428,7,-21,2
1,429,9,-18,3
1,430,9,-18,3
1,431,9,-18,3
1,432,9,-18,3
1,433,9,-18,3
1,434,9,-18,3
1,435,9,-18,3
1,436,9,-18,3
1,437,9,-18,3
1,438,9,-18,3
1,439,9,-18,3
1,440,8,-20,4
1,441,8,-20,4
1,442,8,-20,4
1,443,8,-20,4
1,444,8,-20,4
1,445,8,-20,4
1,446,8,-20,4
1,447,8,-20,4
1,448,8,-20,4
1,449,8,-20,4
1,450,10,-21,0
1,451,10,-21,0
1,452,10,-21,0
1,453,10,-21,0
1,454,10,-21,0
1,455,10,-21,0
1,456,10,-21,0
1,457,10,-21,0
1,458,10,-21,0
1,459,10,-21,0
1,460,9,-20,4
1,461,9,-20,4
1,462,9,-20,4
1,463,9,-20,4
1,464,9,-20,4
1,465,9,-20,4
1,466,9,-20,4
1,467,9,-20,4
1,468,9,-20,4
1,469,9,-20,4
1,470,9,-20,4
1,471,9,-20,1
1,472,9,-20,1
1,473,9,-20,1
1,474,9,-20,1
1,475,9,-20,1
1,476,9,-20,1
1,477,9,-20,1
1,478,9,-20,1
1,479,9,-20,1
1,480,9,-20,1
1,481,8,-21,2
1,482,8,-21,2
1,483,8,-21,2
1,484,8,-21,2
1,485,8,-21,2
1,486,8,-21,2
1,487,8,-21,2
1,488,8,-21,2
1,489,8,-21,2
1,490,8,-21,2
1,491,8,-22,2
1,492,8,-22,2
1,493,8,-22,2
1,494,8,-22,2
1,495,8,-22,2
1,496,8,-22,2
1,497,8,-22,2
1,498,8,-22,2
1,499,8,-22,2
1,500,8,-22,2
1,501,8,-22,2
1,502,8,-24,6
1,503,8,-24,6
1,504,8,-24,6
1,505,8,-24,6
1,506,8,-24,6
1,507,8,-24,6
1,508,8,-24,6
1,509,8,-24,6
1,510,8,-24,6
1,511,8,-24,6
1,512,8,-23,2
1,513,8,-23,2
1,514,8,-23,2
1,515,8,-23,2
1,516,8,-23,2
1,517,8,-23,2
1,518,8,-23,2
1,519,8,-23,2
1,520,8,-23,2
1,521,8,-23,2
1,522,8,-25,2
1,523,8,-25,2
1,524,8,-25,2
1,525,8,-25,2
1,526,8,-25,2
1,527,8,-25,2
1,528,8,-25,2
1,529,8,-25,2
1,530,8,-25,2
1,531,8,-25,2
1,532,8,-25,2
1,533,8,-24,3
1,534,8,-24,3
1,535,8,-24,3
1,536,8,-24,3
1,537,8,-24,3
1,538,8,-24,3
1,539,8,-24,3
1,540,8,-24,3
1,541,8,-24,3
1,542,8,-24,3
1,543,10,-25,3
1,544,10,-25,3
1,545,10,-25,3
1,546,10,-25,3
1,547,10,-25,3
1,548,10,-25,3
1,549,10,-25,3
1,550,10,-25,3
1,551,10,-25,3
1,552,10,-25,3
1,553,9,-22,4
1,554,9,-22,4
1,555,9,-22,4
1,556,9,-22,4
1,557,9,-22,4
1,558,9,-22,4
1,559,9,-22,4
1,560,9,-22,4
1,561,9,-22,4
1,562,9,-22,4
1,563,9,-22,4
1,564,9,-23,2
1,565,9,-23,2
1,566,9,-23,2
1,567,9,-23,2
1,568,9,-23,2
1,569,9,-23,2
1,570,9,-23,2
1,571,9,-23,2
1,572,9,-23,2
1,573,9,-23,2
1,574,8,-22,3
1,575,8,-22,3
1,576,8,-22,3
1,577,8,-22,3
1,578,8,-22,3
1,579,8,-22,3
1,580,8,-22,3
1,581,8,-22,3
1,582,8,-22,3
1,583,8,-22,3
1,584,7,-20,3
1,585,7,-20,3
1,586,7,-20,3
1,587,7,-20,3
1,588,7,-20,3
1,589,7,-20,3
1,590,7,-20,3
1,591,7,-20,3
1,592,7,-20,3
1,593,7,-20,3
1,594,7,-20,3
1,595,8,-20,1
1,596,8,-20,1
1,597,8,-20,1
1,598,8,-20,1
1,599,8,-20,1
1,600,8,-20,1
1,601,8,-20,1
1,602,8,-20,1
1,603,8,-20,1
1,604,8,-20,1
1,605,8,-20,3
1,606,8,-20,3
1,607,8,-20,3
1,608,8,-20,3
1,609,8,-20,3
1,610,8,-20,3
1,611,8,-20,3
1,612,8,-20,3
1,613,8,-20,3
1,614,8,-20,3
1,615,9,-20,3
1,616,9,-20,3
1,617,9,-20,3
1,618,9,-20,3
1,619,9,-20,3
1,620,9,-20,3
1,621,9,-20,3
1,622,9,-20,3
1,623,9,-20,3
1,624,9,-20,3
1,625,9,-20,3
1,626,8,-20,3
1,627,8,-20,3
1,628,8,-20,3
1,629,8,-20,3
1,630,8,-20,3
1,631,8,-20,3
1,632,8,-20,3
1,633,8,-20,3
1,634,8,-20,3
1,635,8,-20,3
1,636,9,-21,3
1,637,9,-21,3
1,638,9,-21,3
1,639,9,-21,3
1,640,9,-21,3
1,641,9,-21,3
1,642,9,-21,3
1,643,9,-21,3
1,644,9,-21,3
1,645,9,-21,3
1,646,10,-21,4
1,647,10,-21,4
1,648,10,-21,4
1,649,10,-21,4
1,650,10,-21,4
1,651,10,-21,4
1,652,10,-21,4
1,653,10,-21,4
1,654,10,-21,4
1,655,10,-21,4
1,656,10,-21,4
1,657,9,-21,3
1,658,9,-21,3
1,659,9,-21,3
1,660,9,-21,3
1,661,9,-21,3
1,662,9,-21,3
1,663,9,-21,3
1,664,9,-21,3
1,665,9,-21,3
1,666,9,-21,3
1,667,9,-21,5
1,668,9,-21,5
1,669,9,-21,5
1,670,9,-21,5
1,671,9,-21,5
1,672,9,-21,5
1,673,9,-21,5
1,674,9,-21,5
1,675,9,-21,5
1,676,9,-21,5
1,677,9,-20,4
1,678,9,-20,4
1,679,9,-20,4
1,680,9,-20,4
1,681,9,-20,4
1,682,9,-20,4
1,683,9,-20,4
1,684,9,-20,4
1,685,9,-20,4
1,686,9,-20,4
1,687,9,-20,4
1,688,9,-21,3
1,689,9,-21,3
1,690,9,-21,3
1,691,9,-21,3
1,692,9,-21,3
1,693,9,-21,3
1,694,9,-21,3
1,695,9,-21,3
1,696,9,-21,3
1,697,9,-21,3
1,698,9,-20,2
1,699,9,-20,2
1,700,9,-20,2
1,701,9,-20,2
1,702,9,-20,2
1,703,9,-20,2
1,704,9,-20,2
1,705,9,-20,2
1,706,9,-20,2
1,707,9,-20,2
1,708,9,-22,2
1,709,9,-22,2
1,710,9,-22,2
1,711,9,-22,2
1,712,9,-22,2
1,713,9,-22,2
1,714,9,-22,2
1,715,9,-22,2
1,716,9,-22,2
1,717,9,-22,2
1,718,9,-22,2
1,719,8,-19,3
1,720,8,-19,3
1,721,8,-19,3
1,722,8,-19,3
1,723,8,-19,3
1,724,8,-19,3
1,725,8,-19,3
1,726,8,-19,3
1,727,8,-19,3
1,728,8,-19,3
1,729,10,-21,3
1,730,10,-21,3
1,731,10,-21,3
1,732,10,-21,3
1,733,10,-21,3
1,734,10,-21,3
1,735,10,-21,3
1,736,10,-21,3
1,737,10,-21,3
1,738,10,-21,3
1,739,10,-21,2
1,740,10,-21,2
1,741,10,-21,2
1,742,10,-21,2
1,743,10,-21,2
1,744,10,-21,2
1,745,10,-21,2
1,746,10,-21,2
1,747,10,-21,2
1,748,10,-21,2
1,749,10,-21,2
1,750,10,-21,3
1,751,10,-21,3
1,752,10,-21,3
1,753,10,-21,3
1,754,10,-21,3
1,755,10,-21,3
1,756,10,-21,3
1,757,10,-21,3
1,758,10,-21,3
1,759,10,-21,3
1,760,9,-20,3
1,761,9,-20,3
1,762,9,-20,3
1,763,9,-20,3
1,764,9,-20,3
1,765,9,-20,3
1,766,9,-20,3
1,767,9,-20,3
1,768,9,-20,3
1,769,9,-20,3
1,770,9,-19,2
1,771,9,-19,2
1,772,9,-19,2
1,773,9,-19,2
1,774,9,-19,2
1,775,9,-19,2
1,776,9,-19,2
1,777,9,-19,2
1,778,9,-19,2
1,779,9,-19,2
1,780,9,-19,2
1,781,8,-21,3
1,782,8,-21,3
1,783,8,-21,3
1,784,8,-21,3
1,785,8,-21,3
1,786,8,-21,3
1,787,8,-21,3
1,788,8,-21,3
1,789,8,-21,3
1,790,8,-21,3
1,791,9,-18,3
1,792,9,-18,3
1,793,9,-18,3
1,794,9,-18,3
1,795,9,-18,3
1,796,9,-18,3
1,797,9,-18,3
1,798,9,-18,3
1,799,9,-18,3
1,800,9,-18,3
1,801,9,-20,3
1,802,9,-20,3
1,803,9,-20,3
1,804,9,-20,3
1,805,9,-20,3
1,806,9,-20,3
1,807,9,-20,3
1,808,9,-20,3
1,809,9,-20,3
1,810,9,-20,3
1,811,9,-20,3
1,812,10,-20,3
1,813,10,-20,3
1,814,10,-20,3
1,815,10,-20,3
1,816,10,-20,3
1,817,10,-20,3
1,818,10,-20,3
1,819,10,-20,3
1,820,10,-20,3
1,821,10,-20,3
1,822,9,-20,3
1,823,9,-20,3
1,824,9,-20,3
1,825,9,-20,3
1,826,9,-20,3
1,827,9,-20,3
1,828,9,-20,3
1,829,9,-20,3
1,830,9,-20,3
1,831,9,-20,3
1,832,8,-18,1
1,833,8,-18,1
1,834,8,-18,1
1,835,8,-18,1
1,836,8,-18,1
1,837,8,-18,1
1,838,8,-18,1
1,839,8,-18,1
1,840,8,-18,1
1,841,8,-18,1
1,842,8,-18,1
1,843,8,-19,3
1,844,8,-19,3
1,845,8,-19,3
1,846,8,-19,3
1,847,8,-19,3
1,848,8,-19,3
1,849,8,-19,3
1,850,8,-19,3
1,851,8,-19,3
1,852,8,-19,3
1,853,10,-19,2
1,854,10,-19,2
1,855,10,-19,2
1,856,10,-19,2
1,857,10,-19,2
1,858,10,-19,2
1,859,10,-19,2
1,860,10,-19,2
1,861,10,-19,2
1,862,10,-19,2
1,863,8,-21,4
1,864,8,-21,4
1,865,8,-21,4
1,866,8,-21,4
1,867,8,-21,4
1,868,8,-21,4
1,869,8,-21,4
1,870,8,-21,4
1,871,8,-21,4
1,872,8,-21,4
1,873,8,-21,4
1,874,9,-21,3
1,875,9,-21,3
1,876,9,-21,3
1,877,9,-21,3
1,878,9,-21,3
1,879,9,-21,3
1,880,9,-21,3
1,881,9,-21,3
1,882,9,-21,3
1,883,9,-21,3
1,884,7,-21,3
1,885,7,-21,3
1,886,7,-21,3
1,887,7,-21,3
1,888,7,-21,3
1,889,7,-21,3
1,890,7,-21,3
1,891,7,-21,3
1,892,7,-21,3
1,893,7,-21,3
1,894,9,-20,3
1,895,9,-20,3
1,896,9,-20,3
1,897,9,-20,3
1,898,9,-20,3
1,899,9,-20,3
1,900,9,-20,3
1,901,9,-20,3
1,902,9,-20,3
1,903,9,-20,3
1,904,9,-20,3
1,905,9,-20,4
1,906,9,-20,4
1,907,9,-20,4
1,908,9,-20,4
1,909,9,-20,4
1,910,9,-20,4
1,911,9,-20,4
1,912,9,-20,4
1,913,9,-20,4
1,914,9,-20,4
1,915,9,-23,3
1,916,9,-23,3
1,917,9,-23,3
1,918,9,-23,3
1,919,9,-23,3
1,920,9,-23,3
1,921,9,-23,3
1,922,9,-23,3
1,923,9,-23,3
1,924,9,-23,3
1,925,8,-21,3
1,926,8,-21,3
1,927,8,-21,3
1,928,8,-21,3
1,929,8,-21,3
1,930,8,-21,3
1,931,8,-21,3
1,932,8,-21,3
1,933,8,-21,3
1,934,8,-21,3
1,935,8,-21,3
1,936,8,-20,3
1,937,8,-20,3
1,938,8,-20,3
1,939,8,-20,3
1,940,8,-20,3
1,941,8,-20,3
1,942,8,-20,3
1,943,8,-20,3
1,944,8,-20,3
1,945,8,-20,3
1,946,8,-21,4
1,947,8,-21,4
1,948,8,-21,4
1,949,8,-21,4
1,950,8,-21,4
1,951,8,-21,4
1,952,8,-21,4
1,953,8,-21,4
1,954,8,-21,4
1,955,8,-21,4
1,956,9,-20,2
1,957,9,-20,2
1,958,9,-20,2
1,959,9,-20,2
1,960,9,-20,2
1,961,9,-20,2
1,962,9,-20,2
1,963,9,-20,2
1,964,9,-20,2
1,965,9,-20,2
1,966,9,-20,2
1,967,9,-21,3
1,968,9,-21,3
1,969,9,-21,3
1,970,9,-21,3
1,971,9,-21,3
1,972,9,-21,3
1,973,9,-21,3
1,974,9,-21,3
1,975,9,-21,3
1,976,9,-21,3
1,977,8,-21,3
1,978,8,-21,3
1,979,8,-21,3
1,980,8,-21,3
1,981,8,-21,3
1,982,8,-21,3
1,983,8,-21,3
1,984,8,-21,3
1,985,8,-21,3
1,986,8,-21,3
1,987,9,-19,2
1,988,9,-19,2
1,989,9,-19,2
1,990,9,-19,2
1,991,9,-19,2
1,992,9,-19,2
1,993,9,-19,2
1,994,9,-19,2
1,995,9,-19,2
1,996,9,-19,2
1,997,9,-19,2
1,998,8,-21,2
1,999,8,-21,2
2,0,8,-21,2
2,1,8,-21,2
2,2,8,-21,2
2,3,8,-21,2
2,4,8,-21,2
2,5,8,-21,2
2,6,8,-21,2
2,7,9,-20,4
2,8,9,-20,4
2,9,9,-20,4
2,10,9,-20,4
2,11,9,-20,4
2,12,9,-20,4
2,13,9,-20,4
2,14,9,-20,4
2,15,9,-20,4
2,16,9,-20,4
2,17,6,-19,4
2,18,6,-19,4
2,19,6,-19,4
2,20,6,-19,4
2,21,6,-19,4
2,22,6,-19,4
2,23,6,-19,4
2,24,6,-19,4
2,25,6,-19,4
2,26,6,-19,4
2,27,6,-19,4
2,28,9,-20,2
2,29,9,-20,2
2,30,9,-20,2
2,31,9,-20,2
2,32,9,-20,2
2,33,9,-20,2
2,34,9,-20,2
2,35,9,-20,2
2,36,9,-20,2
2,37,9,-20,2
2,38,8,-19,4
2,39,8,-19,4
2,40,8,-19,4
2,41,8,-19,4
2,42,8,-19,4
2,43,8,-19,4
2,44,8,-19,4
2,45,8,-19,4
2,46,8,-19,4
2,47,8,-19,4
2,48,9,-15,3
2,49,9,-15,3
2,50,9,-15,3
2,51,9,-15,3
2,52,9,-15,3
2,53,9,-15,3
2,54,9,-15,3
2,55,9,-15,3
2,56,9,-15,3
2,57,9,-15,3
2,58,9,-15,3
2,59,8,-13,4
2,60,8,-13,4
2,61,8,-13,4
2,62,8,-13,4
2,63,8,-13,4
2,64,8,-13,4
2,65,8,-13,4
2,66,8,-13,4
2,67,8,-13,4
2,68,8,-13,4
2,69,10,-11,3
2,70,10,-11,3
2,71,10,-11,3
2,72,10,-11,3
2,73,10,-11,3
2,74,10,-11,3
2,75,10,-11,3
2,76,10,-11,3
2,77,10,-11,3
2,78,10,-11,3
2,79,10,-11,4
2,80,10,-11,4
2,81,10,-11,4
2,82,10,-11,4
2,83,10,-11,4
2,84,10,-11,4
2,85,10,-11,4
2,86,10,-11,4
2,87,10,-11,4
2,88,10,-11,4
2,89,9,-8,1
2,90,9,-8,1
2,91,9,-8,1
2,92,9,-8,1
2,93,9,-8,1
2,94,9,-8,1
2,95,9,-8,1
2,96,9,-8,1
2,97,9,-8,1
2,98,9,-8,1
2,99,9,-8,1
2,100,8,-3,1
2,101,8,-3,1
2,102,8,-3,1
2,103,8,-3,1
2,104,8,-3,1
2,105,8,-3,1
2,106,8,-3,1
2,107,8,-3,1
2,108,8,-3,1
2,109,8,-3,1
2,110,7,1,1
2,111,7,1,1
2,112,7,1,1
2,113,7,1,1
2,114,7,1,1
2,115,7,1,1
2,116,7,1,1
2,117,7,1,1
2,118,7,1,1
2,119,7,1,1
2,120,7,-1,3
2,121,7,-1,3
2,122,7,-1,3
2,123,7,-1,3
2,124,7,-1,3
2,125,7,-1,3
2,126,7,-1,3
2,127,7,-1,3
2,128,7,-1,3
2,129,7,-1,3
2,130,7,-1,3
2,131,9,0,3
2,132,9,0,3
2,133,9,0,3
2,134,9,0,3
2,135,9,0,3
2,136,9,0,3
2,137,9,0,3
2,138,9,0,3
2,139,9,0,3
2,140,9,0,3
2,141,7,0,4
2,142,7,0,4
2,143,7,0,4
2,144,7,0,4
2,145,7,0,4
2,146,7,0,4
2,147,7,0,4
2,148,7,0,4
2,149,7,0,4
2,150,7,0,4
2,151,9,0,2
2,152,9,0,2
2,153,9,0,2
2,154,9,0,2
2,155,9,0,2
2,156,9,0,2
2,157,9,0,2
2,158,9,0,2
2,159,9,0,2
2,160,9,0,2
2,161,9,0,2
2,162,7,0,2
2,163,7,0,2
2,164,7,0,2
2,165,7,0,2
2,166,7,0,2
2,167,7,0,2
2,168,7,0,2
2,169,7,0,2
2,170,7,0,2
2,171,7,0,2
2,172,8,0,1
2,173,8,0,1
2,174,8,0,1
2,175,8,0,1
2,176,8,0,1
2,177,8,0,1
2,178,8,0,1
2,179,8,0,1
2,180,8,0,1
2,181,8,0,1
2,182,8,0,3
2,183,8,0,3
2,184,8,0,3
2,185,8,0,3
2,186,8,0,3
2,187,8,0,3
2,188,8,0,3
2,189,8,0,3
2,190,8,0,3
2,191,8,0,3
2,192,8,0,3
2,193,8,0,2
2,194,8,0,2
2,195,8,0,2
2,196,8,0,2
2,197,8,0,2
2,198,8,0,2
2,199,8,0,2
2,200,8,0,2
2,201,8,0,2
2,202,8,0,2
2,203,8,0,4
2,204,8,0,4
2,205,8,0,4
2,206,8,0,4
2,207,8,0,4
2,208,8,0,4
2,209,8,0,4
2,210,8,0,4
2,211,8,0,4
2,212,8,0,4
2,213,7,0,2
2,214,7,0,2
2,215,7,0,2
2,216,7,0,2
2,217,7,0,2
2,218,7,0,2
2,219,7,0,2
2,220,7,0,2
2,221,7,0,2
2,222,7,0,2
2,223,7,0,2
2,224,9,-1,3
2,225,9,-1,3
2,226,9,-1,3
2,227,9,-1,3
2,228,9,-1,3
2,229,9,-1,3
2,230,9,-1,3
2,231,9,-1,3
2,232,9,-1,3
2,233,9,-1,3
2,234,9,1,0
2,235,9,1,0
2,236,9,1,0
2,237,9,1,0
2,238,9,1,0
2,239,9,1,0
2,240,9,1,0
2,241,9,1,0
2,242,9,1,0
2,243,9,1,0
2,244,7,-1,4
2,245,7,-1,4
2,246,7,-1,4
2,247,7,-1,4
2,248,7,-1,4
2,249,7,-1,4
2,250,7,-1,4
2,251,7,-1,4
2,252,7,-1,4
2,253,7,-1,4
2,254,7,-1,4
2,255,8,-7,-1
2,256,8,-7,-1
2,257,8,-7,-1
2,258,8,-7,-1
2,259,8,-7,-1
2,260,8,-7,-1
2,261,8,-7,-1
2,262,8,-7,-1
2,263,8,-7,-1
2,264,8,-7,-1
2,265,5,-16,-2
2,266,5,-16,-2
2,267,5,-16,-2
2,268,5,-16,-2
2,269,5,-16,-2
2,270,5,-16,-2
2,271,5,-16,-2
2,272,5,-16,-2
2,273,5,-16,-2
2,274,5,-16,-2
2,275,9,-53,3
2,276,9,-53,3
2,277,9,-53,3
2,278,9,-53,3
2,279,9,-53,3
2,280,9,-53,3
2,281,9,-53,3
2,282,9,-53,3
2,283,9,-53,3
2,284,9,-53,3
2,285,9,-53,3
2,286,10,-83,5
2,287,10,-83,5
2,288,10,-83,5
2,289,10,-83,5
2,290,10,-83,5
2,291,10,-83,5
2,292,10,-83,5
2,293,10,-83,5
2,294,10,-83,5
2,295,10,-83,5
2,296,7,-98,1
2,297,7,-98,1
2,298,7,-98,1
2,299,7,-98,1
2,300,7,-98,1
2,301,7,-98,1
2,302,7,-98,1
2,303,7,-98,1
2,304,7,-98,1
2,305,7,-98,1
2,306,6,-124,-5
2,307,6,-124,-5
2,308,6,-124,-5
2,309,6,-124,-5
2,310,6,-124,-5
2,311,6,-124,-5
2,312,6,-124,-5
2,313,6,-124,-5
2,314,6,-124,-5
2,315,6,-124,-5
2,316,6,-124,-5
2,317,3,-123,-5
2,318,3,-123,-5
2,319,3,-123,-5
2,320,3,-123,-5
2,321,3,-123,-5
2,322,3,-123,-5
2,323,3,-123,-5
2,324,3,-123,-5
2,325,3,-123,-5
2,326,3,-123,-5
2,327,4,-18,-9
2,328,4,-18,-9
2,329,4,-18,-9
2,330,4,-18,-9
2,331,4,-18,-9
2,332,4,-18,-9
2,333,4,-18,-9
2,334,4,-18,-9
2,335,4,-18,-9
2,336,4,-18,-9
2,337,6,-21,3
2,338,6,-21,3
2,339,6,-21,3
2,340,6,-21,3
2,341,6,-21,3
2,342,6,-21,3
2,343,6,-21,3
2,344,6,-21,3
2,345,6,-21,3
2,346,6,-21,3
2,347,9,-21,2
2,348,9,-21,2
2,349,9,-21,2
2,350,9,-21,2
2,351,9,-21,2
2,352,9,-21,2
2,353,9,-21,2
2,354,9,-21,2
2,355,9,-21,2
2,356,9,-21,2
2,357,7,-21,3
2,358,7,-21,3
2,359,7,-21,3
2,360,7,-21,3
2,361,7,-21,3
2,362,7,-21,3
2,363,7,-21,3
2,364,7,-21,3
2,365,7,-21,3
2,366,7,-21,3
2,367,7,-21,3
2,368,10,-20,3
2,369,10,-20,3
2,370,10,-20,3
2,371,10,-20,3
2,372,10,-20,3
2,373,10,-20,3
2,374,10,-20,3
2,375,10,-20,3
2,376,10,-20,3
2,377,10,-20,3
2,378,6,-19,3
2,379,6,-19,3
2,380,6,-19,3
2,381,6,-19,3
2,382,6,-19,3
2,383,6,-19,3
2,384,6,-19,3
2,385,6,-19,3
2,386,6,-19,3
2,387,6,-19,3
2,388,9,-21,1
2,389,9,-21,1
2,390,9,-21,1
2,391,9,-21,1
2,392,9,-21,1
2,393,9,-21,1
2,394,9,-21,1
2,395,9,-21,1
2,396,9,-21,1
2,397,9,-21,1
2,398,9,-21,1
2,399,7,-21,5
2,400,7,-21,5
2,401,7,-21,5
2,402,7,-21,5
2,403,7,-21,5
2,404,7,-21,5
2,405,7,-21,5
2,406,7,-21,5
2,407,7,-21,5
2,408,7,-21,5
2,409,9,-19,2
2,410,9,-19,2
2,411,9,-19,2
2,412,9,-19,2
2,413,9,-19,2
2,414,9,-19,2
2,415,9,-19,2
2,416,9,-19,2
2,417,9,-19,2
2,418,9,-19,2
2,419,7,-21,2
2,420,7,-21,2
2,421,7,-21,2
2,422,7,-21,2
2,423,7,-21,2
2,424,7,-21,2
2,425,7,-21,2
2,426,7,-21,2
2,427,7,-21,2
2,428,7,-21,2
2,429,9,-18,3
2,430,9,-18,3
2,431,9,-18,3
2,432,9,-18,3
2,433,9,-18,3
2,434,9,-18,3
2,435,9,-18,3
2,436,9,-18,3
2,437,9,-18,3
2,438,9,-18,3
2,439,9,-18,3
2,440,8,-20,4
2,441,8,-20,4
2,442,8,-20,4
2,443,8,-20,4
2,444,8,-20,4
2,445,8,-20,4
2,446,8,-20,4
2,447,8,-20,4
2,448,8,-20,4
2,449,8,-20,4
2,450,10,-21,0
2,451,10,-21,0
2,452,10,-21,0
2,453,10,-21,0
2,454,10,-21,0
2,455,10,-21,0
2,456,10,-21,0
2,457,10,-21,0
2,458,10,-21,0
2,459,10,-21,0
2,460,9,-20,4
2,461,9,-20,4
2,462,9,-20,4
2,463,9,-20,4
2,464,9,-20,4
2,465,9,-20,4
2,466,9,-20,4
2,467,9,-20,4
2,468,9,-20,4
2,469,9,-20,4
2,470,9,-20,4
2,471,9,-20,1
2,472,9,-20,1
2,473,9,-20,1
2,474,9,-20,1
2,475,9,-20,1
2,476,9,-20,1
2,477,9,-20,1
2,478,9,-20,1
2,479,9,-20,1
2,480,9,-20,1
2,481,8,-21,2
2,482,8,-21,2
2,483,8,-21,2
2,484,8,-21,2
2,485,8,-21,2
2,486,8,-21,2
2,487,8,-21,2
2,488,8,-21,2
2,489,8,-21,2
2,490,8,-21,2
2,491,8,-22,2
2,492,8,-22,2
2,493,8,-22,2
2,494,8,-22,2
2,495,8,-22,2
2,496,8,-22,2
2,497,8,-22,2
2,498,8,-22,2
2,499,8,-22,2
2,500,8,-22,2
2,501,8,-22,2
2,502,8,-24,6
2,503,8,-24,6
2,504,8,-24,6
2,505,8,-24,6
2,506,8,-24,6
2,507,8,-24,6
2,508,8,-24,6
2,509,8,-24,6
2,510,8,-24,6
2,511,8,-24,6
2,512,8,-23,2
2,513,8,-23,2
2,514,8,-23,2
2,515,8,-23,2
2,516,8,-23,2
2,517,8,-23,2
2,518,8,-23,2
2,519,8,-23,2
2,520,8,-23,2
2,521,8,-23,2
2,522,8,-25,2
2,523,8,-25,2
2,524,8,-25,2
2,525,8,-25,2
2,526,8,-25,2
2,527,8,-25,2
2,528,8,-25,2
2,529,8,-25,2
2,530,8,-25,2
2,531,8,-25,2
2,532,8,-25,2
2,533,8,-24,3
2,534,8,-24,3
2,535,8,-24,3
2,536,8,-24,3
2,537,8,-24,3
2,538,8,-24,3
2,539,8,-24,3
2,540,8,-24,3
2,541,8,-24,3
2,542,8,-24,3
2,543,10,-25,3
2,544,10,-25,3
2,545,10,-25,3
2,546,10,-25,3
2,547,10,-25,3
2,548,10,-25,3
2,549,10,-25,3
2,550,10,-25,3
2,551,10,-25,3
2,552,10,-25,3
2,553,9,-22,4
2,554,9,-22,4
2,555,9,-22,4
2,556,9,-22,4
2,557,9,-22,4
2,558,9,-22,4
2,559,9,-22,4
2,560,9,-22,4
2,561,9,-22,4
2,562,9,-22,4
2,563,9,-22,4
2,564,9,-23,2
2,565,9,-23,2
2,566,9,-23,2
2,567,9,-23,2
2,568,9,-23,2
2,569,9,-23,2
2,570,9,-23,2
2,571,9,-23,2
2,572,9,-23,2
2,573,9,-23,2
2,574,8,-22,3
2,575,8,-22,3
2,576,8,-22,3
2,577,8,-22,3
2,578,8,-22,3
2,579,8,-22,3
2,580,8,-22,3
2,581,8,-22,3
2,582,8,-22,3
2,583,8,-22,3
2,584,7,-20,3
2,585,7,-20,3
2,586,7,-20,3
2,587,7,-20,3
2,588,7,-20,3
2,589,7,-20,3
2,590,7,-20,3
2,591,7,-20,3
2,592,7,-20,3
2,593,7,-20,3
2,594,7,-20,3
2,595,8,-20,1
2,596,8,-20,1
2,597,8,-20,1
2,598,8,-20,1
2,599,8,-20,1
2,600,8,-20,1
2,601,8,-20,1
2,602,8,-20,1
2,603,8,-20,1
2,604,8,-20,1
2,605,8,-20,3
2,606,8,-20,3
2,607,8,-20,3
2,608,8,-20,3
2,609,8,-20,3
2,610,8,-20,3
2,611,8,-20,3
2,612,8,-20,3
2,613,8,-20,3
2,614,8,-20,3
2,615,9,-20,3
2,616,9,-20,3
2,617,9,-20,3
2,618,9,-20,3
2,619,9,-20,3
2,620,9,-20,3
2,621,9,-20,3
2,622,9,-20,3
2,623,9,-20,3
2,624,9,-20,3
2,625,9,-20,3
2,626,8,-20,3
2,627,8,-20,3
2,628,8,-20,3
2,629,8,-20,3
2,630,8,-20,3
2,631,8,-20,3
2,632,8,-20,3
2,633,8,-20,3
2,634,8,-20,3
2,635,8,-20,3
2,636,9,-21,3
2,637,9,-21,3
2,638,9,-21,3
2,639,9,-21,3
2,640,9,-21,3
2,641,9,-21,3
2,642,9,-21,3
2,643,9,-21,3
2,644,9,-21,3
2,645,9,-21,3
2,646,10,-21,4
2,647,10,-21,4
2,648,10,-21,4
2,649,10,-21,4
2,650,10,-21,4
2,651,10,-21,4
2,652,10,-21,4
2,653,10,-21,4
2,654,10,-21,4
2,655,10,-21,4
2,656,10,-21,4
2,657,9,-21,3
2,658,9,-21,3
2,659,9,-21,3
2,660,9,-21,3
2,661,9,-21,3
2,662,9,-21,3
2,663,9,-21,3
2,664,9,-21,3
2,665,9,-21,3
2,666,9,-21,3
2,667,9,-21,5
2,668,9,-21,5
2,669,9,-21,5
2,670,9,-21,5
2,671,9,-21,5
2,672,9,-21,5
2,673,9,-21,5
2,674,9,-21,5
2,675,9,-21,5
2,676,9,-21,5
2,677,9,-20,4
2,678,9,-20,4
2,679,9,-20,4
2,680,9,-20,4
2,681,9,-20,4
2,682,9,-20,4
2,683,9,-20,4
2,684,9,-20,4
2,685,9,-20,4
2,686,9,-20,4
2,687,9,-20,4
2,688,9,-21,3
2,689,9,-21,3
2,690,9,-21,3
2,691,9,-21,3
2,692,9,-21,3
2,693,9,-21,3
2,694,9,-21,3
2,695,9,-21,3
2,696,9,-21,3
2,697,9,-21,3
2,698,9,-20,2
2,699,9,-20,2
2,700,9,-20,2
2,701,9,-20,2
2,702,9,-20,2
2,703,9,-20,2
2,704,9,-20,2
2,705,9,-20,2
2,706,9,-20,2
2,707,9,-20,2
2,708,9,-22,2
2,709,9,-22,2
2,710,9,-22,2
2,711,9,-22,2
2,712,9,-22,2
2,713,9,-22,2
2,714,9,-22,2
2,715,9,-22,2
2,716,9,-22,2
2,717,9,-22,2
2,718,9,-22,2
2,719,8,-19,3
2,720,8,-19,3
2,721,8,-19,3
2,722,8,-19,3
2,723,8,-19,3
2,724,8,-19,3
2,725,8,-19,3
2,726,8,-19,3
2,727,8,-19,3
2,728,8,-19,3
2,729,10,-21,3
2,730,10,-21,3
2,731,10,-21,3
2,732,10,-21,3
2,733,10,-21,3
2,734,10,-21,3
2,735,10,-21,3
2,736,10,-21,3
2,737,10,-21,3
2,738,10,-21,3
2,739,10,-21,2
2,740,10,-21,2
2,741,10,-21,2
2,742,10,-21,2
2,743,10,-21,2
2,744,10,-21,2
2,745,10,-21,2
2,746,10,-21,2
2,747,10,-21,2
2,748,10,-21,2
2,749,10,-21,2
2,750,10,-21,3
2,751,10,-21,3
2,752,10,-21,3
2,753,10,-21,3
2,754,10,-21,3
2,755,10,-21,3
2,756,10,-21,3
2,757,10,-21,3
2,758,10,-21,3
2,759,10,-21,3
2,760,9,-20,3
2,761,9,-20,3
2,762,9,-20,3
2,763,9,-20,3
2,764,9,-20,3
2,765,9,-20,3
2,766,9,-20,3
2,767,9,-20,3
2,768,9,-20,3
2,769,9,-20,3
2,770,9,-19,2
2,771,9,-19,2
2,772,9,-19,2
2,773,9,-19,2
2,774,9,-19,2
2,775,9,-19,2
2,776,9,-19,2
2,777,9,-19,2
2,778,9,-19,2
2,779,9,-19,2
2,780,9,-19,2
2,781,8,-21,3
2,782,8,-21,3
2,783,8,-21,3
2,784,8,-21,3
2,785,8,-21,3
2,786,8,-21,3
2,787,8,-21,3
2,788,8,-21,3
2,789,8,-21,3
2,790,8,-21,3
2,791,9,-18,3
2,792,9,-18,3
2,793,9,-18,3
2,794,9,-18,3
2,795,9,-18,3
2,796,9,-18,3
2,797,9,-18,3
2,798,9,-18,3
2,799,9,-18,3
2,800,9,-18,3
2,801,9,-20,3
2,802,9,-20,3
2,803,9,-20,3
2,804,9,-20,3
2,805,9,-20,3
2,806,9,-20,3
2,807,9,-20,3
2,808,9,-20,3
2,809,9,-20,3
2,810,9,-20,3
2,811,9,-20,3
2,812,10,-20,3
2,813,10,-20,3
2,814,10,-20,3
2,815,10,-20,3
2,816,10,-20,3
2,817,10,-20,3
2,818,10,-20,3
2,819,10,-20,3
2,820,10,-20,3
2,821,10,-20,3
2,822,9,-20,3
2,823,9,-20,3
2,824,9,-20,3
2,825,9,-20,3
2,826,9,-20,3
2,827,9,-20,3
2,828,9,-20,3
2,829,9,-20,3
2,830,9,-20,3
2,831,9,-20,3
2,832,8,-18,1
2,833,8,-18,1
2,834,8,-18,1
2,835,8,-18,1
2,836,8,-18,1
2,837,8,-18,1
2,838,8,-18,1
2,839,8,-18,1
2,840,8,-18,1
2,841,8,-18,1
2,842,8,-18,1
2,843,8,-19,3
2,844,8,-19,3
2,845,8,-19,3
2,846,8,-19,3
2,847,8,-19,3
2,848,8,-19,3
2,849,8,-19,3
2,850,8,-19,3
2,851,8,-19,3
2,852,8,-19,3
2,853,10,-19,2
2,854,10,-19,2
2,855,10,-19,2
2,856,10,-19,2
2,857,10,-19,2
2,858,10,-19,2
2,859,10,-19,2
2,860,10,-19,2
2,861,10,-19,2
2,862,10,-19,2
2,863,8,-21,4
2,864,8,-21,4
2,865,8,-21,4
2,866,8,-21,4
2,867,8,-21,4
2,868,8,-21,4
2,869,8,-21,4
2,870,8,-21,4
2,871,8,-21,4
2,872,8,-21,4
2,873,8,-21,4
2,874,9,-21,3
2,875,9,-21,3
2,876,9,-21,3
2,877,9,-21,3
2,878,9,-21,3
2,879,9,-21,3
2,880,9,-21,3
2,881,9,-21,3
2,882,9,-21,3
2,883,9,-21,3
2,884,7,-21,3
2,885,7,-21,3
2,886,7,-21,3
2,887,7,-21,3
2,888,7,-21,3
2,889,7,-21,3
2,890,7,-21,3
2,891,7,-21,3
2,892,7,-21,3
2,893,7,-21,3
2,894,9,-20,3
2,895,9,-20,3
2,896,9,-20,3
2,897,9,-20,3
2,898,9,-20,3
2,899,9,-20,3
2,900,9,-20,3
2,901,9,-20,3
2,902,9,-20,3
2,903,9,-20,3
2,904,9,-20,3
2,905,9,-20,4
2,906,9,-20,4
2,907,9,-20,4
2,908,9,-20,4
2,909,9,-20,4
2,910,9,-20,4
2,911,9,-20,4
2,912,9,-20,4
2,913,9,-20,4
2,914,9,-20,4
2,915,9,-23,3
2,916,9,-23,3
2,917,9,-23,3
2,918,9,-23,3
2,919,9,-23,3
2,920,9,-23,3
2,921,9,-23,3
2,922,9,-23,3
2,923,9,-23,3
2,924,9,-23,3
2,925,8,-21,3
2,926,8,-21,3
2,927,8,-21,3
2,928,8,-21,3
2,929,8,-21,3
2,930,8,-21,3
2,931,8,-21,3
2,932,8,-21,3
2,933,8,-21,3
2,934,8,-21,3
2,935,8,-21,3
2,936,8,-20,3
2,937,8,-20,3
2,938,8,-20,3
2,939,8,-20,3
2,940,8,-20,3
2,941,8,-20,3
2,942,8,-20,3
2,943,8,-20,3
2,944,8,-20,3
2,945,8,-20,3
2,946,8,-21,4
2,947,8,-21,4
2,948,8,-21,4
2,949,8,-21,4
2,950,8,-21,4
2,951,8,-21,4
2,952,8,-21,4
2,953,8,-21,4
2,954,8,-21,4
2,955,8,-21,4
2,956,9,-20,2
2,957,9,-20,2
2,958,9,-20,2
2,959,9,-20,2
2,960,9,-20,2
2,961,9,-20,2
2,962,9,-20,2
2,963,9,-20,2
2,964,9,-20,2
2,965,9,-20,2
2,966,9,-20,2
2,967,9,-21,3
2,968,9,-21,3
2,969,9,-21,3
2,970,9,-21,3
2,971,9,-21,3
2,972,9,-21,3
2,973,9,-21,3
2,974,9,-21,3
2,975,9,-21,3
2,976,9,-21,3
2,977,8,-21,3
2,978,8,-21,3
2,979,8,-21,3
2,980,8,-21,3
2,981,8,-21,3
2,982,8,-21,3
2,983,8,-21,3
2,984,8,-21,3
2,985,8,-21,3
2,986,8,-21,3
2,987,9,-19,2
2,988,9,-19,2
2,989,9,-19,2
2,990,9,-19,2
2,991,9,-19,2
2,992,9,-19,2
2,993,9,-19,2
2,994,9,-19,2
2,995,9,-19,2
2,996,9,-19,2
2,997,9,-19,2
2,998,8,-21,2
2,999,8,-21,2
3,0,8,-21,2
3,1,8,-21,2
3,2,8,-21,2
3,3,8,-21,2
3,4,8,-21,2
3,5,8,-21,2
3,6,8,-21,2
3,7,9,-20,4
3,8,9,-20,4
3,9,9,-20,4
3,10,9,-20,4
3,11,9,-20,4
3,12,9,-20,4
3,13,9,-20,4
3,14,9,-20,4
3,15,9,-20,4
3,16,9,-20,4
3,17,6,-19,4
3,18,6,-19,4
3,19,6,-19,4
3,20,6,-19,4
3,21,6,-19,4
3,22,6,-19,4
3,23,6,-19,4
3,24,6,-19,4
3,25,6,-19,4
3,26,6,-19,4
3,27,6,-19,4
3,28,9,-20,2
3,29,9,-20,2
3,30,9,-20,2
3,31,9,-20,2
3,32,9,-20,2
3,33,9,-20,2
3,34,9,-20,2
3,35,9,-20,2
3,36,9,-20,2
3,37,9,-20,2
3,38,8,-19,4
3,39,8,-19,4
3,40,8,-19,4
3,41,8,-19,4
3,42,8,-19,4
3,43,8,-19,4
3,44,8,-19,4
3,45,8,-19,4
3,46,8,-19,4
3,47,8,-19,4
3,48,9,-15,3
3,49,9,-15,3
3,50,9,-15,3
3,51,9,-15,3
3,52,9,-15,3
3,53,9,-15,3
3,54,9,-15,3
3,55,9,-15,3
3,56,9,-15,3
3,57,9,-15,3
3,58,9,-15,3
3,59,8,-13,4
3,60,8,-13,4
3,61,8,-13,4
3,62,8,-13,4
3,63,8,-13,4
3,64,8,-13,4
3,65,8,-13,4
3,66,8,-13,4
3,67,8,-13,4
3,68,8,-13,4
3,69,10,-11,3
3,70,10,-11,3
3,71,10,-11,3
3,72,10,-11,3
3,73,10,-11,3
3,74,10,-11,3
3,75,10,-11,3
3,76,10,-11,3
3,77,10,-11,3
3,78,10,-11,3
3,79,10,-11,4
3,80,10,-11,4
3,81,10,-11,4
3,82,10,-11,4
3,83,10,-11,4
3,84,10,-11,4
3,85,10,-11,4
3,86,10,-11,4
3,87,10,-11,4
3,88,10,-11,4
3,89,9,-8,1
3,90,9,-8,1
3,91,9,-8,1
3,92,9,-8,1
3,93,9,-8,1
3,94,9,-8,1
3,95,9,-8,1
3,96,9,-8,1
3,97,9,-8,1
3,98,9,-8,1
3,99,9,-8,1
3,100,8,-3,1
3,101,8,-3,1
3,102,8,-3,1
3,103,8,-3,1
3,104,8,-3,1
3,105,8,-3,1
3,106,8,-3,1
3,107,8,-3,1
3,108,8,-3,1
3,109,8,-3,1
3,110,7,1,1
3,111,7,1,1
3,112,7,1,1
3,113,7,1,1
3,114,7,1,1
3,115,7,1,1
3,116,7,1,1
3,117,7,1,1
3,118,7,1,1
3,119,7,1,1
3,120,7,-1,3
3,121,7,-1,3
3,122,7,-1,3
3,123,7,-1,3
3,124,7,-1,3
3,125,7,-1,3
3,126,7,-1,3
3,127,7,-1,3
3,128,7,-1,3
3,129,7,-1,3
3,130,7,-1,3
3,131,9,0,3
3,132,9,0,3
3,133,9,0,3
3,134,9,0,3
3,135,9,0,3
3,136,9,0,3
3,137,9,0,3
3,138,9,0,3
3,139,9,0,3
3,140,9,0,3
3,141,7,0,4
3,142,7,0,4
3,143,7,0,4
3,144,7,0,4
3,145,7,0,4
3,146,7,0,4
3,147,7,0,4
3,148,7,0,4
3,149,7,0,4
3,150,7,0,4
3,151,9,0,2
3,152,9,0,2
3,153,9,0,2
3,154,9,0,2
3,155,9,0,2
3,156,9,0,2
3,157,9,0,2
3,158,9,0,2
3,159,9,0,2
3,160,9,0,2
3,161,9,0,2
3,162,7,0,2
3,163,7,0,2
3,164,7,0,2
3,165,7,0,2
3,166,7,0,2
3,167,7,0,2
3,168,7,0,2
3,169,7,0,2
3,170,7,0,2
3,171,7,0,2
3,172,8,0,1
3,173,8,0,1
3,174,8,0,1
3,175,8,0,1
3,176,8,0,1
3,177,8,0,1
3,178,8,0,1
3,179,8,0,1
3,180,8,0,1
3,181,8,0,1
3,182,8,0,3
3,183,8,0,3
3,184,8,0,3
3,185,8,0,3
3,186,8,0,3
3,187,8,0,3
3,188,8,0,3
3,189,8,0,3
3,190,8,0,3
3,191,8,0,3
3,192,8,0,3
3,193,8,0,2
3,194,8,0,2
3,195,8,0,2
3,196,8,0,2
3,197,8,0,2
3,198,8,0,2
3,199,8,0,2
3,200,8,0,2
3,201,8,0,2
3,202,8,0,2
3,203,8,0,4
3,204,8,0,4
3,205,8,0,4
3,206,8,0,4
3,207,8,0,4
3,208,8,0,4
3,209,8,0,4
3,210,8,0,4
3,211,8,0,4
3,212,8,0,4
3,213,7,0,2
3,214,7,0,2
3,215,7,0,2
3,216,7,0,2
3,217,7,0,2
3,218,7,0,2
3,219,7,0,2
3,220,7,0,2
3,221,7,0,2
3,222,7,0,2
3,223,7,0,2
3,224,9,-1,3
3,225,9,-1,3
3,226,9,-1,3
3,227,9,-1,3
3,228,9,-1,3
3,229,9,-1,3
3,230,9,-1,3
3,231,9,-1,3
3,232,9,-1,3
3,233,9,-1,3
3,234,9,1,0
3,235,9,1,0
3,236,9,1,0
3,237,9,1,0
3,238,9,1,0
3,239,9,1,0
3,240,9,1,0
3,241,9,1,0
3,242,9,1,0
3,243,9,1,0
3,244,7,-1,4
3,245,7,-1,4
3,246,7,-1,4
3,247,7,-1,4
3,248,7,-1,4
3,249,7,-1,4
3,250,7,-1,4
3,251,7,-1,4
3,252,7,-1,4
3,253,7,-1,4
3,254,7,-1,4
3,255,8,-7,-1
3,256,8,-7,-1
3,257,8,-7,-1
3,258,8,-7,-1
3,259,8,-7,-1
3,260,8,-7,-1
3,261,8,-7,-1
3,262,8,-7,-1
3,263,8,-7,-1
3,264,8,-7,-1
3,265,5,-16,-2
3,266,5,-16,-2
3,267,5,-16,-2
3,268,5,-16,-2
3,269,5,-16,-2
3,270,5,-16,-2
3,271,5,-16,-2
3,272,5,-16,-2
3,273,5,-16,-2
3,274,5,-16,-2
3,275,9,-53,3
3,276,9,-53,3
3,277,9,-53,3
3,278,9,-53,3
3,279,9,-53,3
3,280,9,-53,3
3,281,9,-53,3
3,282,9,-53,3
3,283,9,-53,3
3,284,9,-53,3
3,285,9,-53,3
3,286,10,-83,5
3,287,10,-83,5
3,288,10,-83,5
3,289,10,-83,5
3,290,10,-83,5
3,291,10,-83,5
3,292,10,-83,5
3,293,10,-83,5
3,294,10,-83,5
3,295,10,-83,5
3,296,7,-98,1
3,297,7,-98,1
3,298,7,-98,1
3,299,7,-98,1
3,300,7,-98,1
3,301,7,-98,1
3,302,7,-98,1
3,303,7,-98,1
3,304,7,-98,1
3,305,7,-98,1
3,306,6,-124,-5
3,307,6,-124,-5
3,308,6,-124,-5
3,309,6,-124,-5
3,310,6,-124,-5
3,311,6,-124,-5
3,312,6,-124,-5
3,313,6,-124,-5
3,314,6,-124,-5
3,315,6,-124,-5
3,316,6,-124,-5
3,317,3,-123,-5
3,318,3,-123,-5
3,319,3,-123,-5
3,320,3,-123,-5
3,321,3,-123,-5
3,322,3,-123,-5
3,323,3,-123,-5
3,324,3,-123,-5
3,325,3,-123,-5
3,326,3,-123,-5
3,327,4,-18,-9
3,328,4,-18,-9
3,329,4,-18,-9
3,330,4,-18,-9
3,331,4,-18,-9
3,332,4,-18,-9
3,333,4,-18,-9
3,334,4,-18,-9
3,335,4,-18,-9
3,336,4,-18,-9
3,337,6,-21,3
3,338,6,-21,3
3,339,6,-21,3
3,340,6,-21,3
3,341,6,-21,3
3,342,6,-21,3
3,343,6,-21,3
3,344,6,-21,3
3,345,6,-21,3
3,346,6,-21,3
3,347,9,-21,2
3,348,9,-21,2
3,349,9,-21,2
3,350,9,-21,2
3,351,9,-21,2
3,352,9,-21,2
3,353,9,-21,2
3,354,9,-21,2
3,355,9,-21,2
3,356,9,-21,2
3,357,7,-21,3
3,358,7,-21,3
3,359,7,-21,3
3,360,7,-21,3
3,361,7,-21,3
3,362,7,-21,3
3,363,7,-21,3
3,364,7,-21,3
3,365,7,-21,3
3,366,7,-21,3
3,367,7,-21,3
3,368,10,-20,3
3,369,10,-20,3
3,370,10,-20,3
3,371,10,-20,3
3,372,10,-20,3
3,373,10,-20,3
3,374,10,-20,3
3,375,10,-20,3
3,376,10,-20,3
3,377,10,-20,3
3,378,6,-19,3
3,379,6,-19,3
3,380,6,-19,3
3,381,6,-19,3
3,382,6,-19,3
3,383,6,-19,3
3,384,6,-19,3
3,385,6,-19,3
3,386,6,-19,3
3,387,6,-19,3
3,388,9,-21,1
3,389,9,-21,1
3,390,9,-21,1
3,391,9,-21,1
3,392,9,-21,1
3,393,9,-21,1
3,394,9,-21,1
3,395,9,-21,1
3,396,9,-21,1
3,397,9,-21,1
3,398,9,-21,1
3,399,7,-21,5
3,400,7,-21,5
3,401,7,-21,5
3,402,7,-21,5
3,403,7,-21,5
3,404,7,-21,5
3,405,7,-21,5
3,406,7,-21,5
3,407,7,-21,5
3,408,7,-21,5
3,409,9,-19,2
3,410,9,-19,2
3,411,9,-19,2
3,412,9,-19,2
3,413,9,-19,2
3,414,9,-19,2
3,415,9,-19,2
3,416,9,-19,2
3,417,9,-19,2
3,418,9,-19,2
3,419,7,-21,2
3,420,7,-21,2
3,421,7,-21,2
3,422,7,-21,2
3,423,7,-21,2
3,424,7,-21,2
3,425,7,-21,2
3,426,7,-21,2
3,427,7,-21,2
3,428,7,-21,2
3,429,9,-18,3
3,430,9,-18,3
3,431,9,-18,3
3,432,9,-18,3
3,433,9,-18,3
3,434,9,-18,3
3,435,9,-18,3
3,436,9,-18,3
3,437,9,-18,3
3,438,9,-18,3
3,439,9,-18,3
3,440,8,-20,4
3,441,8,-20,4
3,442,8,-20,4
3,443,8,-20,4
3,444,8,-20,4
3,445,8,-20,4
3,446,8,-20,4
3,447,8,-20,4
3,448,8,-20,4
3,449,8,-20,4
3,450,10,-21,0
3,451,10,-21,0
3,452,10,-21,0
3,453,10,-21,0
3,454,10,-21,0
3,455,10,-21,0
3,456,10,-21,0
3,457,10,-21,0
3,458,10,-21,0
3,459,10,-21,0
3,460,9,-20,4
3,461,9,-20,4
3,462,9,-20,4
3,463,9,-20,4
3,464,9,-20,4
3,465,9,-20,4
3,466,9,-20,4
3,467,9,-20,4
3,468,9,-20,4
3,469,9,-20,4
3,470,9,-20,4
3,471,9,-20,1
3,472,9,-20,1
3,473,9,-20,1
3,474,9,-20,1
3,475,9,-20,1
3,476,9,-20,1
3,477,9,-20,1
3,478,9,-20,1
3,479,9,-20,1
3,480,9,-20,1
3,481,8,-21,2
3,482,8,-21,2
3,483,8,-21,2
3,484,8,-21,2
3,485,8,-21,2
3,486,8,-21,2
3,487,8,-21,2
3,488,8,-21,2
3,489,8,-21,2
3,490,8,-21,2
3,491,8,-22,2
3,492,8,-22,2
3,493,8,-22,2
3,494,8,-22,2
3,495,8,-22,2
3,496,8,-22,2
3,497,8,-22,2
3,498,8,-22,2
3,499,8,-22,2
3,500,8,-22,2
3,501,8,-22,2
3,502,8,-24,6
3,503,8,-24,6
3,504,8,-24,6
3,505,8,-24,6
3,506,8,-24,6
3,507,8,-24,6
3,508,8,-24,6
3,509,8,-24,6
3,510,8,-24,6
3,511,8,-24,6
3,512,8,-23,2
3,513,8,-23,2
3,514,8,-23,2
3,515,8,-23,2
3,516,8,-23,2
3,517,8,-23,2
3,518,8,-23,2
3,519,8,-23,2
3,520,8,-23,2
3,521,8,-23,2
3,522,8,-25,2
3,523,8,-25,2
3,524,8,-25,2
3,525,8,-25,2
3,526,8,-25,2
3,527,8,-25,2
3,528,8,-25,2
3,529,8,-25,2
3,530,8,-25,2
3,531,8,-25,2
3,532,8,-25,2
3,533,8,-24,3
3,534,8,-24,3
3,535,8,-24,3
3,536,8,-24,3
3,537,8,-24,3
3,538,8,-24,3
3,539,8,-24,3
3,540,8,-24,3
3,541,8,-24,3
3,542,8,-24,3
3,543,10,-25,3
3,544,10,-25,3
3,545,10,-25,3
3,546,10,-25,3
3,547,10,-25,3
3,548,10,-25,3
3,549,10,-25,3
3,550,10,-25,3
3,551,10,-25,3
3,552,10,-25,3
3,553,9,-22,4
3,554,9,-22,4
3,555,9,-22,4
3,556,9,-22,4
3,557,9,-22,4
3,558,9,-22,4
3,559,9,-22,4
3,560,9,-22,4
3,561,9,-22,4
3,562,9,-22,4
3,563,9,-22,4
3,564,9,-23,2
3,565,9,-23,2
3,566,9,-23,2
3,567,9,-23,2
3,568,9,-23,2
3,569,9,-23,2
3,570,9,-23,2
3,571,9,-23,2
3,572,9,-23,2
3,573,9,-23,2
3,574,8,-22,3
3,575,8,-22,3
3,576,8,-22,3
3,577,8,-22,3
3,578,8,-22,3
3,579,8,-22,3
3,580,8,-22,3
3,581,8,-22,3
3,582,8,-22,3
3,583,8,-22,3
3,584,7,-20,3
3,585,7,-20,3
3,586,7,-20,3
3,587,7,-20,3
3,588,7,-20,3
3,589,7,-20,3
3,590,7,-20,3
3,591,7,-20,3
3,592,7,-20,3
3,593,7,-20,3
3,594,7,-20,3
3,595,8,-20,1
3,596,8,-20,1
3,597,8,-20,1
3,598,8,-20,1
3,599,8,-20,1
3,600,8,-20,1
3,601,8,-20,1
3,602,8,-20,1
3,603,8,-20,1
3,604,8,-20,1
3,605,8,-20,3
3,606,8,-20,3
3,607,8,-20,3
3,608,8,-20,3
3,609,8,-20,3
3,610,8,-20,3
3,611,8,-20,3
3,612,8,-20,3
3,613,8,-20,3
3,614,8,-20,3
3,615,9,-20,3
3,616,9,-20,3
3,617,9,-20,3
3,618,9,-20,3
3,619,9,-20,3
3,620,9,-20,3
3,621,9,-20,3
3,622,9,-20,3
3,623,9,-20,3
3,624,9,-20,3
3,625,9,-20,3
3,626,8,-20,3
3,627,8,-20,3
3,628,8,-20,3
3,629,8,-20,3
3,630,8,-20,3
3,631,8,-20,3
3,632,8,-20,3
3,633,8,-20,3
3,634,8,-20,3
3,635,8,-20,3
3,636,9,-21,3
3,637,9,-21,3
3,638,9,-21,3
3,639,9,-21,3
3,640,9,-21,3
3,641,9,-21,3
3,642,9,-21,3
3,643,9,-21,3
3,644,9,-21,3
3,645,9,-21,3
3,646,10,-21,4
3,647,10,-21,4
3,648,10,-21,4
3,649,10,-21,4
3,650,10,-21,4
3,651,10,-21,4
3,652,10,-21,4
3,653,10,-21,4
3,654,10,-21,4
3,655,10,-21,4
3,656,10,-21,4
3,657,9,-21,3
3,658,9,-21,3
3,659,9,-21,3
3,660,9,-21,3
3,661,9,-21,3
3,662,9,-21,3
3,663,9,-21,3
3,664,9,-21,3
3,665,9,-21,3
3,666,9,-21,3
3,667,9,-21,5
3,668,9,-21,5
3,669,9,-21,5
3,670,9,-21,5
3,671,9,-21,5
3,672,9,-21,5
3,673,9,-21,5
3,674,9,-21,5
3,675,9,-21,5
3,676,9,-21,5
3,677,9,-20,4
3,678,9,-20,4
3,679,9,-20,4
3,680,9,-20,4
3,681,9,-20,4
3,682,9,-20,4
3,683,9,-20,4
3,684,9,-20,4
3,685,9,-20,4
3,686,9,-20,4
3,687,9,-20,4
3,688,9,-21,3
3,689,9,-21,3
3,690,9,-21,3
3,691,9,-21,3
3,692,9,-21,3
3,693,9,-21,3
3,694,9,-21,3
3,695,9,-21,3
3,696,9,-21,3
3,697,9,-21,3
3,698,9,-20,2
3,699,9,-20,2
3,700,9,-20,2
3,701,9,-20,2
3,702,9,-20,2
3,703,9,-20,2
3,704,9,-20,2
3,705,9,-20,2
3,706,9,-20,2
3,707,9,-20,2
3,708,9,-22,2
3,709,9,-22,2
3,710,9,-22,2
3,711,9,-22,2
3,712,9,-22,2
3,713,9,-22,2
3,714,9,-22,2
3,715,9,-22,2
3,716,9,-22,2
3,717,9,-22,2
3,718,9,-22,2
3,719,8,-19,3
3,720,8,-19,3
3,721,8,-19,3
3,722,8,-19,3
3,723,8,-19,3
3,724,8,-19,3
3,725,8,-19,3
3,726,8,-19,3
3,727,8,-19,3
3,728,8,-19,3
3,729,10,-21,3
3,730,10,-21,3
3,731,10,-21,3
3,732,10,-21,3
3,733,10,-21,3
3,734,10,-21,3
3,735,10,-21,3
3,736,10,-21,3
3,737,10,-21,3
3,738,10,-21,3
3,739,10,-21,2
3,740,10,-21,2
3,741,10,-21,2
3,742,10,-21,2
3,743,10,-21,2
3,744,10,-21,2
3,745,10,-21,2
3,746,10,-21,2
3,747,10,-21,2
3,748,10,-21,2
3,749,10,-21,2
3,750,10,-21,3
3,751,10,-21,3
3,752,10,-21,3
3,753,10,-21,3
3,754,10,-21,3
3,755,10,-21,3
3,756,10,-21,3
3,757,10,-21,3
3,758,10,-21,3
3,759,10,-21,3
3,760,9,-20,3
3,761,9,-20,3
3,762,9,-20,3
3,763,9,-20,3
3,764,9,-20,3
3,765,9,-20,3
3,766,9,-20,3
3,767,9,-20,3
3,768,9,-20,3
3,769,9,-20,3
3,770,9,-19,2
3,771,9,-19,2
3,772,9,-19,2
3,773,9,-19,2
3,774,9,-19,2
3,775,9,-19,2
3,776,9,-19,2
3,777,9,-19,2
3,778,9,-19,2
3,779,9,-19,2
3,780,9,-19,2
3,781,8,-21,3
3,782,8,-21,3
3,783,8,-21,3
3,784,8,-21,3
3,785,8,-21,3
3,786,8,-21,3
3,787,8,-21,3
3,788,8,-21,3
3,789,8,-21,3
3,790,8,-21,3
3,791,9,-18,3
3,792,9,-18,3
3,793,9,-18,3
3,794,9,-18,3
3,795,9,-18,3
3,796,9,-18,3
3,797,9,-18,3
3,798,9,-18,3
3,799,9,-18,3
3,800,9,-18,3
3,801,9,-20,3
3,802,9,-20,3
3,803,9,-20,3
3,804,9,-20,3
3,805,9,-20,3
3,806,9,-20,3
3,807,9,-20,3
3,808,9,-20,3
3,809,9,-20,3
3,810,9,-20,3
3,811,9,-20,3
3,812,10,-20,3
3,813,10,-20,3
3,814,10,-20,3
3,815,10,-20,3
3,816,10,-20,3
3,817,10,-20,3
3,818,10,-20,3
3,819,10,-20,3
3,820,10,-20,3
3,821,10,-20,3
3,822,9,-20,3
3,823,9,-20,3
3,824,9,-20,3
3,825,9,-20,3
3,826,9,-20,3
3,827,9,-20,3
3,828,9,-20,3
3,829,9,-20,3
3,830,9,-20,3
3,831,9,-20,3
3,832,8,-18,1
3,833,8,-18,1
3,834,8,-18,1
3,835,8,-18,1
3,836,8,-18,1
3,837,8,-18,1
3,838,8,-18,1
3,839,8,-18,1
3,840,8,-18,1
3,841,8,-18,1
3,842,8,-18,1
3,843,8,-19,3
3,844,8,-19,3
3,845,8,-19,3
3,846,8,-19,3
3,847,8,-19,3
3,848,8,-19,3
3,849,8,-19,3
3,850,8,-19,3
3,851,8,-19,3
3,852,8,-19,3
3,853,10,-19,2
3,854,10,-19,2
3,855,10,-19,2
3,856,10,-19,2
3,857,10,-19,2
3,858,10,-19,2
3,859,10,-19,2
3,860,10,-19,2
3,861,10,-19,2
3,862,10,-19,2
3,863,8,-21,4
3,864,8,-21,4
3,865,8,-21,4
3,866,8,-21,4
3,867,8,-21,4
3,868,8,-21,4
3,869,8,-21,4
3,870,8,-21,4
3,871,8,-21,4
3,872,8,-21,4
3,873,8,-21,4
3,874,9,-21,3
3,875,9,-21,3
3,876,9,-21,3
3,877,9,-21,3
3,878,9,-21,3
3,879,9,-21,3
3,880,9,-21,3
3,881,9,-21,3
3,882,9,-21,3
3,883,9,-21,3
3,884,7,-21,3
3,885,7,-21,3
3,886,7,-21,3
3,887,7,-21,3
3,888,7,-21,3
3,889,7,-21,3
3,890,7,-21,3
3,891,7,-21,3
3,892,7,-21,3
3,893,7,-21,3
3,894,9,-20,3
3,895,9,-20,3
3,896,9,-20,3
3,897,9,-20,3
3,898,9,-20,3
3,899,9,-20,3
3,900,9,-20,3
3,901,9,-20,3
3,902,9,-20,3
3,903,9,-20,3
3,904,9,-20,3
3,905,9,-20,4
3,906,9,-20,4
3,907,9,-20,4
3,908,9,-20,4
3,909,9,-20,4
3,910,9,-20,4
3,911,9,-20,4
3,912,9,-20,4
3,913,9,-20,4
3,914,9,-20,4
3,915,9,-23,3
3,916,9,-23,3
3,917,9,-23,3
3,918,9,-23,3
3,919,9,-23,3
3,920,9,-23,3
3,921,9,-23,3
3,922,9,-23,3
3,923,9,-23,3
3,924,9,-23,3
3,925,8,-21,3
3,926,8,-21,3
3,927,8,-21,3
3,928,8,-21,3
3,929,8,-21,3
3,930,8,-21,3
3,931,8,-21,3
3,932,8,-21,3
3,933,8,-21,3
3,934,8,-21,3
3,935,8,-21,3
3,936,8,-20,3
3,937,8,-20,3
3,938,8,-20,3
3,939,8,-20,3
3,940,8,-20,3
3,941,8,-20,3
3,942,8,-20,3
3,943,8,-20,3
3,944,8,-20,3
3,945,8,-20,3
3,946,8,-21,4
3,947,8,-21,4
3,948,8,-21,4
3,949,8,-21,4
3,950,8,-21,4
3,951,8,-21,4
3,952,8,-21,4
3,953,8,-21,4
3,954,8,-21,4
3,955,8,-21,4
3,956,9,-20,2
3,957,9,-20,2
3,958,9,-20,2
3,959,9,-20,2
3,960,9,-20,2
3,961,9,-20,2
3,962,9,-20,2
3,963,9,-20,2
3,964,9,-20,2
3,965,9,-20,2
3,966,9,-20,2
3,967,9,-21,3
3,968,9,-21,3
3,969,9,-21,3
3,970,9,-21,3
3,971,9,-21,3
3,972,9,-21,3
3,973,9,-21,3
3,974,9,-21,3
3,975,9,-21,3
3,976,9,-21,3
3,977,8,-21,3
3,978,8,-21,3
3,979,8,-21,3
3,980,8,-21,3
3,981,8,-21,3
3,982,8,-21,3
3,983,8,-21,3
3,984,8,-21,3
3,985,8,-21,3
3,986,8,-21,3
3,987,9,-19,2
3,988,9,-19,2
3,989,9,-19,2
3,990,9,-19,2
3,991,9,-19,2
3,992,9,-19,2
3,993,9,-19,2
3,994,9,-19,2
3,995,9,-19,2
3,996,9,-19,2
3,997,9,-19,2
3,998,8,-21,2
3,999,8,-21,2
