NUMBER,TICK,TIME,PRESSURE,TEMPERATURE_BMP280,BMP280_ERR,BAR_HEIGHT,LAT,LON,HEIGHT,HASFIX,ADC_HIGH_1,ADC_LOW_1,RESISTANCE_1,ADC_HIGH_2,ADC_LOW_2,RESISTANCE_2,ADC_HIGH_3,ADC_LOW_3,RESISTANCE_3
0,0,2592,98763.0,26.350000381469727,0,213.2997412046842,0.0,0.0,0.0,-1,39725,57477,199993,39453,57239,199993,39447,57234,199993
1,5,8866,98780.0,26.6200008392334,0,211.85576758349768,5643.58203125,3743.19775390625,143.0,1,40795,58532,199993,39456,57236,199993,39452,57233,199993
2,10,15118,98776.0,26.68000030517578,0,212.19550797891924,5643.58154296875,3743.195556640625,144.10000610351562,1,39602,57356,199993,39460,57237,199993,39461,57235,199993
3,15,21361,98782.0,26.770000457763672,0,211.68590156307582,5643.58056640625,3743.186767578125,142.5,1,39734,57477,199993,39457,57239,199993,39454,57230,199993
4,20,27664,98789.0,26.84000015258789,0,211.0913924206273,5643.578125,3743.179443359375,143.0,1,39962,57647,199993,39443,57223,199993,39454,57229,199993
5,25,33903,98792.0,26.260000228881836,0,210.83661322977315,5643.576171875,3743.172119140625,142.6999969482422,1,39931,57626,199993,39447,57227,199993,39455,57225,199993
6,30,40167,98788.0,25.829999923706055,0,211.17632020974108,5643.57421875,3743.16357421875,142.89999389648438,1,39503,57274,199993,39464,57240,199993,39460,57227,199993
7,35,46450,98788.0,25.719999313354492,0,211.17632020974108,5643.572265625,3743.15478515625,142.6999969482422,1,39775,57475,199993,39443,57223,199993,39461,57226,199993
8,40,52689,98790.0,25.540000915527344,0,211.00646532760373,5643.57080078125,3743.1484375,142.6999969482422,1,39790,57466,199993,39445,57220,199993,39444,57218,199993
9,45,58953,98785.0,25.299999237060547,0,211.4311077537713,5643.56884765625,3743.14111328125,143.0,1,39681,57461,199993,39450,57226,199993,39443,57218,199993
10,50,65220,98786.0,25.40999984741211,0,211.34617787630324,5643.56591796875,3743.1357421875,143.39999389648438,1,39786,57515,199993,39445,57222,199993,39445,57220,199993
11,55,71459,98788.0,25.510000228881836,0,211.17632020974108,5643.56298828125,3743.1298828125,143.1999969482422,1,39624,57358,199993,39456,57230,199993,39443,57220,199993
12,60,77698,98788.0,25.610000610351562,0,211.17632020974108,5643.560546875,3743.126708984375,142.6999969482422,1,39604,57334,199993,39454,57228,199993,39444,57218,199993
13,65,83984,98782.0,25.719999313354492,0,211.68590156307582,5643.55712890625,3743.12158203125,142.60000610351562,1,39600,57351,199993,39453,57227,199993,39440,57221,199993
14,70,90223,98783.0,25.84000015258789,0,211.60096959714528,5643.5546875,3743.11669921875,142.8000030517578,1,39700,57432,199993,39441,57220,199993,39443,57220,199993
15,75,96471,98782.0,25.889999389648438,0,211.68590156307582,5643.5517578125,3743.112060546875,143.5,1,39503,57270,199993,39454,57228,199993,39455,57227,199993
16,80,102732,98756.0,25.709999084472656,0,213.89437707408243,5663.99462890625,0.0,143.8000030517578,1,39501,57266,199993,39454,57229,199993,39453,57228,199993
17,85,109015,98761.0,25.56999969482422,0,213.46963368506272,5643.546875,3743.099609375,143.60000610351562,1,39499,57263,199993,39467,57231,199993,39454,57225,199993
18,90,115254,98764.0,25.309999465942383,0,213.21479600913443,5643.54345703125,3743.0947265625,144.39999389648438,1,39495,57254,199993,39463,57228,199993,39454,57222,199993
19,95,121530,98761.0,25.260000228881836,0,213.46963368506272,5643.5419921875,3743.088623046875,145.0,1,39497,57255,199993,39453,57220,199993,39460,57220,199993
20,100,127811,98762.0,25.15999984741211,0,213.38468709665378,5643.5400390625,3743.08154296875,144.10000610351562,1,39488,57248,199993,39451,57219,199993,39453,57216,199993
21,105,134051,98759.0,24.959999084472656,0,213.63952895123333,5643.5380859375,3743.074462890625,144.39999389648438,1,39493,57246,199993,39453,57211,199993,39453,57213,199993
22,110,140328,98761.0,24.75,0,213.46963368506272,5643.53466796875,3743.067138671875,144.39999389648438,1,39501,57245,199993,39454,57209,199993,39449,57209,199993
23,115,146573,98749.0,24.6200008392334,0,214.48904707258768,5643.5322265625,3743.06005859375,145.5,1,39492,57240,199993,39450,57207,199993,39455,57205,199993
24,120,152812,98751.0,24.579999923706055,0,214.31913787591225,5663.998046875,0.0,145.6999969482422,1,39490,57234,199993,39451,57201,199993,39452,57205,199993
25,125,159098,98757.0,24.520000457763672,0,213.80942700330425,5663.99755859375,0.0,145.3000030517578,1,39489,57230,199993,39456,57203,199993,39455,57202,199993
26,130,165335,98748.0,24.459999084472656,0,214.57400271582551,5643.5244140625,3743.0390625,143.8000030517578,1,39488,57230,199993,39458,57199,199993,39453,57201,199993
27,135,171581,98748.0,24.299999237060547,0,214.57400271582551,5643.52197265625,3743.032958984375,144.60000610351562,1,39493,57229,199993,39455,57201,199993,39455,57199,199993
28,140,177869,98749.0,24.270000457763672,0,214.48904707258768,5643.52001953125,3743.027099609375,145.39999389648438,1,39492,57226,199993,39467,57201,199993,39452,57197,199993
29,145,184109,98747.0,24.260000228881836,0,214.65895905567493,5643.517578125,3743.020751953125,146.60000610351562,1,39494,57225,199993,39454,57197,199993,39451,57196,199993
30,150,190390,98752.0,24.15999984741211,0,214.23418432244515,5643.5146484375,3743.01416015625,146.6999969482422,1,39489,57222,199993,39460,57198,199993,39454,57197,199993
31,155,196651,98752.0,24.049999237060547,0,214.23418432244515,5632.0,0.0,146.5,1,39493,57222,199993,39454,57192,199993,39453,57192,199993
32,160,202903,98751.0,24.020000457763672,0,214.31913787591225,5663.99609375,0.0,145.8000030517578,1,39490,57219,199993,39464,57194,199993,39455,57191,199993
33,165,209166,98748.0,23.979999542236328,0,214.57400271582551,5663.994140625,0.0,146.1999969482422,1,39490,57219,199993,39454,57192,199993,39457,57191,199993
34,170,215442,98747.0,23.950000762939453,0,214.65895905567493,5643.50341796875,3742.98388671875,146.8000030517578,1,39491,57218,199993,39463,57192,199993,39455,57190,199993
35,175,221682,98744.0,23.860000610351562,0,214.9138322550351,5643.50146484375,3742.97705078125,146.1999969482422,1,39490,57215,199993,39457,57189,199993,39455,57189,199993
36,180,227922,98744.0,23.799999237060547,0,214.9138322550351,5643.49755859375,3742.968994140625,146.6999969482422,1,39486,57213,199993,39464,57188,199993,39456,57189,199993
37,185,234249,98749.0,23.790000915527344,0,214.48904707258768,5643.4951171875,3742.961669921875,146.0,1,39489,57214,199993,39465,57191,199993,39457,57190,199993
38,190,240514,98746.0,23.770000457763672,0,214.7439160921506,5643.49169921875,3742.95458984375,145.8000030517578,1,39486,57213,199993,39453,57190,199993,39458,57188,199993
39,195,246753,98743.0,23.809999465942383,0,214.99879138147332,5663.99951171875,0.0,145.0,1,39926,57484,199993,39456,57188,199993,39456,57188,199993
40,200,253019,98739.0,24.0,0,215.33863485412394,5632.009765625,0.0,145.1999969482422,1,39537,57264,199993,39462,57198,199993,39863,57599,199993
41,205,259282,98736.0,24.280000686645508,0,215.59352477422715,5632.01220703125,7.34685370562394E-40,143.8000030517578,1,40380,57320,199993,40081,57836,199993,41121,58748,199993
42,210,265521,98752.0,24.549999237060547,0,214.23418432244515,5663.9951171875,9.186212082881338E-41,144.1999969482422,1,40415,57988,199993,31,17769,6,40923,58564,199993
43,215,271787,98755.0,24.889999389648438,0,213.97932784137382,5643.4873046875,3742.9482421875,144.39999389648438,1,41374,58965,199993,29,17768,6,39482,57220,199993
44,220,278026,98759.0,25.170000076293945,0,213.63952895123333,5643.4873046875,3742.9482421875,145.10000610351562,1,41407,58928,199993,30,17771,6,40892,58532,199993
45,225,284304,98744.0,25.420000076293945,0,214.9138322550351,5643.4873046875,3742.9482421875,144.6999969482422,1,41761,59268,199993,30,17770,6,41040,58673,199993
46,230,290591,98754.0,25.670000076293945,0,214.06427930518822,5643.4873046875,3742.9482421875,144.8000030517578,1,41870,59381,199993,31,17775,6,41050,58688,199993
47,235,296868,98750.0,25.940000534057617,0,214.40409212595648,5643.4873046875,3742.94775390625,145.10000610351562,1,41850,59372,199993,31,17776,6,40968,58572,199993
48,240,303107,98748.0,26.139999389648438,0,214.57400271582551,5663.9951171875,5.5103960161876944E-40,144.89999389648438,1,41849,59381,199993,31,17778,6,41003,58643,199993
49,245,309406,98738.0,26.229999542236328,0,215.42359746407737,5632.009765625,9.183689745645554E-41,144.89999389648438,1,39498,57239,199993,39459,57207,199993,39530,57281,199993
50,250,315668,98735.0,26.360000610351562,0,215.67848947444807,5632.00927734375,9.183479550875905E-40,145.60000610351562,1,39496,57238,199993,39489,57235,199993,41462,59091,199993
51,255,321907,98730.0,26.329999923706055,0,216.10332342750982,5643.4873046875,3742.947509765625,144.89999389648438,1,39496,57241,199993,39482,57234,199993,39597,57179,199993
52,260,328185,98730.0,26.309999465942383,0,216.10332342750982,5643.4873046875,3742.947509765625,145.1999969482422,1,39495,57241,199993,39460,57215,199993,39453,57204,199993
53,265,334449,98723.0,26.579999923706055,0,216.6981202296212,5643.4873046875,3742.94775390625,145.60000610351562,1,39497,57245,199993,39462,57215,199993,39452,57207,199993
54,270,340714,98724.0,26.709999084472656,0,216.6131471671942,5643.4873046875,3742.947265625,146.10000610351562,1,39495,57246,199993,39467,57219,199993,39452,57209,199993
55,275,346975,98723.0,26.850000381469727,0,216.6981202296212,5632.01171875,9.18523117395631E-41,146.0,1,39497,57249,199993,39459,57218,199993,39453,57211,199993
56,280,353213,98727.0,27.020000457763672,0,216.3582321613778,5632.01171875,3.673517937212151E-40,145.39999389648438,1,39499,57252,199993,39460,57219,199993,39452,57213,199993
57,285,359482,98725.0,27.139999389648438,0,216.52817480168372,5632.01123046875,1.8368220270369702E-40,145.8000030517578,1,39501,57255,199993,39468,57226,199993,39452,57215,199993
58,290,365743,98729.0,27.239999771118164,0,216.18829230860507,5632.0068359375,3.673840235858946E-40,146.10000610351562,1,39499,57257,199993,39460,57224,199993,39455,57217,199993
59,295,371981,98731.0,27.229999542236328,0,216.0183552432622,5632.0126953125,2.7551209366783093E-40,145.89999389648438,1,39727,57926,199993,42570,60025,199993,40826,58592,199993
60,300,378230,98736.0,27.399999618530273,0,215.59352477422715,5643.48681640625,3742.947509765625,146.10000610351562,1,41198,58686,199993,41484,59125,199993,40952,58627,199993
61,305,384518,98735.0,27.520000457763672,0,215.67848947444807,5643.48681640625,3742.94775390625,145.5,1,41102,58658,199993,41610,59203,199993,40758,58467,199993
62,310,390797,98741.0,27.5,0,215.16871172439107,5643.48681640625,3742.948486328125,145.3000030517578,1,39501,57252,199993,39460,57226,199993,39475,57245,199993
63,315,397036,98734.0,27.31999969482422,0,215.76345487144778,5632.01123046875,0.0,144.8000030517578,1,39502,57259,199993,39469,57229,199993,39449,57218,199993
64,320,403300,98738.0,27.510000228881836,0,215.42359746407737,5632.01220703125,0.0,144.89999389648438,1,39523,57261,199993,39474,57236,199993,39463,57233,199993
65,325,409563,98736.0,27.559999465942383,0,215.59352477422715,5632.01123046875,7.006492321624085E-45,144.60000610351562,1,39505,57264,199993,39484,57247,199993,39508,57273,199993
66,330,415801,98733.0,27.600000381469727,0,215.84842096524102,5632.0126953125,0.0,144.5,1,39501,57265,199993,39479,57248,199993,39526,57294,199993
67,335,422067,98731.0,27.549999237060547,0,216.0183552432622,5632.01220703125,0.0,144.8000030517578,1,39500,57266,199993,39483,57249,199993,39516,57285,199993
68,340,428304,98736.0,27.1200008392334,0,215.59352477422715,5643.4873046875,3742.947509765625,145.60000610351562,1,39501,57266,199993,39482,57250,199993,39521,57290,199993
69,345,434543,98735.0,27.18000030517578,0,215.67848947444807,5643.4873046875,3742.947265625,146.39999389648438,1,39500,57268,199993,39472,57245,199993,39484,57259,199993
70,350,440837,98732.0,26.989999771118164,0,215.93338775584255,5643.4873046875,3742.94677734375,146.10000610351562,1,39500,57254,199993,39461,57236,199993,39445,57217,199993
71,355,447076,98741.0,27.350000381469727,0,215.16871172439107,5663.9912109375,1.8216880036222622E-44,146.1999969482422,1,40236,57958,199993,39437,57215,199993,39441,57215,199993
72,360,453314,98736.0,27.149999618530273,0,215.59352477422715,5632.0009765625,0.0,146.10000610351562,1,39500,57270,199993,39455,57231,199993,39449,57226,199993
73,365,459616,98731.0,26.920000076293945,0,216.0183552432622,5632.00341796875,0.0,147.6999969482422,1,39503,57269,199993,39458,57234,199993,39451,57226,199993
74,370,465829,98735.0,26.829999923706055,0,215.67848947444807,5632.0009765625,0.0,147.5,1,39489,57255,199993,29,17804,72,39498,57267,199993
75,375,472116,98725.0,26.899999618530273,0,216.52817480168372,5632.00146484375,0.0,147.0,1,39501,57271,199993,39457,57235,199993,39489,57265,199993
76,380,478375,98729.0,26.81999969482422,0,216.18829230860507,5643.48681640625,3742.948486328125,147.39999389648438,1,39502,57270,199993,39457,57234,199993,39450,57227,199993
77,385,484633,98729.0,26.700000762939453,0,216.18829230860507,5643.48681640625,3742.948486328125,147.8000030517578,1,39502,57270,199993,65201,17620,2446,39484,57248,199993
78,390,490894,98728.0,26.739999771118164,0,216.27326188655778,5632.00244140625,0.0,147.89999389648438,1,39492,57258,199993,65525,17768,750,39486,57260,199993
79,395,497153,98726.0,26.790000915527344,0,216.4432031330848,5632.00341796875,0.0,148.0,1,39500,57268,199993,39458,57233,199993,39451,57225,199993
80,400,503408,98728.0,26.84000015258789,0,216.27326188655778,5632.00244140625,0.0,147.6999969482422,1,39502,57269,199993,39459,57233,199993,39450,57225,199993
81,405,509644,98726.0,26.860000610351562,0,216.4432031330848,5632.00390625,0.0,147.5,1,39503,57268,199993,39457,57234,199993,39449,57224,199993
82,410,515927,98726.0,26.899999618530273,0,216.4432031330848,5632.00244140625,0.0,147.39999389648438,1,39501,57268,199993,39457,57231,199993,39449,57225,199993
83,415,522188,98723.0,26.93000030517578,0,216.6981202296212,5632.001953125,0.0,146.89999389648438,1,39509,57270,199993,39458,57232,199993,39453,57225,199993
84,420,528429,98726.0,26.959999084472656,0,216.4432031330848,5632.00146484375,0.0,146.89999389648438,1,39502,57267,199993,39466,57235,199993,39452,57224,199993
85,425,534688,98727.0,26.979999542236328,0,216.3582321613778,5643.48681640625,3742.949462890625,146.60000610351562,1,39501,57267,199993,39459,57231,199993,39450,57223,199993
86,430,540965,98727.0,27.0,0,216.3582321613778,5632.00244140625,0.0,146.5,1,39502,57266,199993,39462,57233,199993,39451,57223,199993
87,435,547225,98724.0,27.030000686645508,0,216.6131471671942,5632.00390625,0.0,146.39999389648438,1,39500,57265,199993,39459,57231,199993,39450,57222,199993
88,440,553498,98725.0,27.049999237060547,0,216.52817480168372,5632.001953125,0.0,146.39999389648438,1,39499,57266,199993,39457,57231,199993,39451,57223,199993
89,445,559733,98724.0,27.059999465942383,0,216.6131471671942,5632.001953125,0.0,146.1999969482422,1,39499,57265,199993,39459,57232,199993,39452,57223,199993
90,450,566009,98727.0,27.059999465942383,0,216.3582321613778,5632.00244140625,0.0,146.1999969482422,1,39498,57266,199993,39467,57234,199993,39449,57223,199993
91,455,572293,98724.0,27.079999923706055,0,216.6131471671942,5632.00146484375,0.0,146.3000030517578,1,39500,57265,199993,39458,57230,199993,39453,57222,199993
92,460,578528,98724.0,27.09000015258789,0,216.6131471671942,5643.4873046875,3742.949462890625,146.39999389648438,1,39520,57264,199993,39458,57230,199993,39460,57224,199993
93,465,584766,98724.0,27.100000381469727,0,216.6131471671942,5632.0009765625,0.0,146.39999389648438,1,39511,57267,199993,39459,57230,199993,39449,57222,199993
94,470,591056,98726.0,27.110000610351562,0,216.4432031330848,5632.00146484375,0.0,146.39999389648438,1,39496,57263,199993,39461,57231,199993,39448,57221,199993
95,475,597305,98726.0,27.100000381469727,0,216.4432031330848,5632.0009765625,0.0,146.6999969482422,1,39500,57265,199993,39459,57231,199993,39450,57222,199993
96,480,603540,98722.0,27.1200008392334,0,216.78309398898432,5632.00146484375,0.0,146.8000030517578,1,39499,57264,199993,39459,57231,199993,39449,57222,199993
97,485,609802,98725.0,27.1200008392334,0,216.52817480168372,5632.0009765625,0.0,146.89999389648438,1,39520,57266,199993,39458,57229,199993,39449,57221,199993
98,490,616037,98725.0,27.1200008392334,0,216.52817480168372,5632.001953125,0.0,146.6999969482422,1,39502,57266,199993,39459,57229,199993,39449,57221,199993
99,495,622293,98725.0,27.110000610351562,0,216.52817480168372,5632.001953125,0.0,146.1999969482422,1,39500,57263,199993,39458,57229,199993,39449,57222,199993
100,500,628557,98722.0,27.1200008392334,0,216.78309398898432,5632.0009765625,0.0,145.89999389648438,1,39506,57266,199993,39457,57227,199993,39447,57221,199993
101,505,634792,98723.0,27.1299991607666,0,216.6981202296212,5643.48681640625,3742.94873046875,145.60000610351562,1,39499,57263,199993,39458,57229,199993,39448,57220,199993
102,510,641055,98726.0,27.139999389648438,0,216.4432031330848,5643.48681640625,3742.94873046875,145.39999389648438,1,39497,57261,199993,39456,57229,199993,39454,57222,199993
103,515,647335,98724.0,27.1299991607666,0,216.6131471671942,5643.48681640625,3742.94873046875,145.1999969482422,1,39500,57263,199993,39456,57230,199993,39450,57220,199993
104,520,653578,98721.0,27.1299991607666,0,216.86806844529346,5643.48681640625,3742.94921875,145.5,1,39498,57263,199993,39456,57227,199993,39450,57220,199993
105,525,659828,98723.0,27.1299991607666,0,216.6981202296212,5643.48681640625,3742.94921875,145.6999969482422,1,39498,57262,199993,39458,57227,199993,39450,57221,199993
106,530,662113,98723.0,27.1299991607666,0,216.6981202296212,5643.48681640625,3742.94921875,145.6999969482422,1,39500,57261,199993,39458,57229,199993,39448,57221,199993
107,535,664377,98721.0,27.1299991607666,0,216.86806844529346,5643.48681640625,3742.94921875,145.60000610351562,1,39529,57262,199993,39459,57228,199993,39451,57219,199993
108,540,666613,98721.0,27.1200008392334,0,216.86806844529346,5643.48681640625,3742.94921875,145.60000610351562,1,39498,57263,199993,39457,57228,199993,39449,57220,199993
109,545,668872,98721.0,27.1299991607666,0,216.86806844529346,5643.48681640625,3742.94921875,145.6999969482422,1,39497,57260,199993,39459,57229,199993,39451,57222,199993
110,550,671134,98722.0,27.1299991607666,0,216.78309398898432,5643.48681640625,3742.94921875,145.8000030517578,1,39501,57263,199993,39457,57228,199993,39448,57219,199993
111,555,673395,98723.0,27.1299991607666,0,216.6981202296212,5643.48681640625,3742.94921875,146.0,1,39499,57262,199993,39457,57228,199993,39453,57220,199993
112,560,675656,98722.0,27.1299991607666,0,216.78309398898432,5643.48681640625,3742.94921875,146.1999969482422,1,39499,57261,199993,39457,57228,199993,39448,57219,199993
113,565,677893,98722.0,27.1200008392334,0,216.78309398898432,5643.48681640625,3742.94921875,146.39999389648438,1,39498,57261,199993,39460,57228,199993,39451,57220,199993
114,570,680127,98722.0,27.139999389648438,0,216.78309398898432,5643.48681640625,3742.94921875,146.5,1,39498,57260,199993,39458,57227,199993,39450,57220,199993
115,575,682413,98723.0,27.1299991607666,0,216.6981202296212,5643.48681640625,3742.94921875,146.5,1,39503,57262,199993,39458,57228,199993,39450,57220,199993
116,580,684665,98723.0,27.1299991607666,0,216.6981202296212,5632.0029296875,0.0,146.39999389648438,1,39496,57261,199993,39458,57228,199993,39451,57221,199993
117,585,686904,98724.0,27.1299991607666,0,216.6131471671942,5643.48681640625,3742.94921875,146.5,1,39499,57260,199993,39458,57228,199993,39451,57220,199993
118,590,689205,98723.0,27.1299991607666,0,216.6981202296212,5643.48681640625,3742.94921875,146.5,1,39497,57260,199993,39458,57227,199993,39449,57220,199993
119,595,691442,98720.0,27.1299991607666,0,216.95304359856829,5643.48681640625,3742.94921875,146.5,1,39500,57262,199993,39459,57228,199993,39451,57219,199993
120,600,693705,98719.0,27.1299991607666,0,217.03801944880877,5643.48681640625,3742.94921875,146.60000610351562,1,39516,57261,199993,39458,57227,199993,39449,57219,199993
121,605,695969,98719.0,27.139999389648438,0,217.03801944880877,5632.00244140625,0.0,146.5,1,39497,57260,199993,39460,57228,199993,39458,57223,199993
122,610,698205,98721.0,27.1299991607666,0,216.86806844529346,5643.48681640625,3742.949462890625,146.3000030517578,1,39497,57260,199993,39458,57227,199993,39450,57220,199993
123,615,700467,98717.0,27.139999389648438,0,217.20797324025563,5643.48681640625,3742.949462890625,146.1999969482422,1,39499,57260,199993,39456,57229,199993,39450,57220,199993
124,620,702750,98719.0,27.139999389648438,0,217.03801944880877,5643.48681640625,3742.949462890625,146.3000030517578,1,39496,57261,199993,39459,57227,199993,39451,57219,199993
125,625,704988,98723.0,27.149999618530273,0,216.6981202296212,5643.48681640625,3742.949462890625,146.1999969482422,1,39500,57260,199993,39458,57227,199993,39450,57220,199993
126,630,707226,98720.0,27.139999389648438,0,216.95304359856829,5643.48681640625,3742.949462890625,145.8000030517578,1,39500,57261,199993,39460,57227,199993,39452,57219,199993
127,635,709519,98717.0,27.139999389648438,0,217.20797324025563,5643.48681640625,3742.949462890625,145.89999389648438,1,39499,57260,199993,39462,57228,199993,39450,57220,199993
128,640,711782,98717.0,27.139999389648438,0,217.20797324025563,5643.48681640625,3742.949462890625,145.89999389648438,1,39497,57260,199993,39458,57227,199993,39447,57218,199993
129,645,714034,98723.0,27.149999618530273,0,216.6981202296212,5643.48681640625,3742.949462890625,145.89999389648438,1,39502,57265,199993,39457,57227,199993,39450,57218,199993
130,650,716293,98724.0,27.139999389648438,0,216.6131471671942,5632.00048828125,0.0,145.89999389648438,1,39496,57259,199993,39457,57227,199993,39451,57220,199993
131,655,718580,98720.0,27.1299991607666,0,216.95304359856829,5643.48681640625,3742.94921875,145.6999969482422,1,39498,57260,199993,39458,57227,199993,39451,57219,199993
132,660,720817,98720.0,27.139999389648438,0,216.95304359856829,5643.48681640625,3742.949462890625,145.89999389648438,1,39496,57259,199993,39459,57227,199993,39450,57220,199993
133,665,723091,98716.0,27.139999389648438,0,217.2929511814915,5643.48681640625,3742.949462890625,145.89999389648438,1,39498,57260,199993,39460,57228,199993,39450,57220,199993
134,670,725334,98716.0,27.139999389648438,0,217.2929511814915,5643.48681640625,3742.94921875,145.89999389648438,1,39519,57261,199993,39459,57227,199993,39450,57219,199993
135,675,727571,98717.0,27.139999389648438,0,217.20797324025563,5632.00146484375,0.0,146.0,1,39515,57259,199993,39466,57227,199993,39450,57220,199993
136,680,729854,98719.0,27.139999389648438,0,217.03801944880877,5643.48681640625,3742.94921875,146.10000610351562,1,39496,57259,199993,39459,57227,199993,39450,57219,199993
137,685,732097,98721.0,27.139999389648438,0,216.86806844529346,5643.48681640625,3742.94921875,146.39999389648438,1,39500,57259,199993,39458,57227,199993,39449,57218,199993
138,690,734348,98720.0,27.149999618530273,0,216.95304359856829,5643.48681640625,3742.94921875,146.5,1,39497,57259,199993,39457,57227,199993,39448,57218,199993
139,695,736634,98721.0,27.139999389648438,0,216.86806844529346,5643.48681640625,3742.94921875,146.60000610351562,1,39502,57259,199993,39458,57226,199993,39450,57219,199993
140,700,738871,98718.0,27.149999618530273,0,217.1229959960346,5632.001953125,0.0,146.8000030517578,1,39499,57259,199993,39458,57227,199993,39451,57219,199993
141,705,741112,98721.0,27.139999389648438,0,216.86806844529346,5643.48681640625,3742.949462890625,146.8000030517578,1,39496,57260,199993,39459,57227,199993,39452,57218,199993
142,710,743372,98717.0,27.139999389648438,0,217.20797324025563,5643.48681640625,3742.949462890625,146.89999389648438,1,39517,57261,199993,39457,57227,199993,39450,57218,199993
143,715,745610,98718.0,27.139999389648438,0,217.1229959960346,5643.48681640625,3742.94921875,146.89999389648438,1,39497,57260,199993,39460,57227,199993,39451,57219,199993
144,720,747887,98721.0,27.149999618530273,0,216.86806844529346,5632.0009765625,0.0,146.8000030517578,1,39496,57258,199993,39457,57226,199993,39450,57220,199993
145,725,750144,98719.0,27.139999389648438,0,217.03801944880877,5643.48681640625,3742.949462890625,146.8000030517578,1,39497,57259,199993,39460,57227,199993,39449,57219,199993
146,730,752391,98719.0,27.149999618530273,0,217.03801944880877,5643.48681640625,3742.949462890625,146.8000030517578,1,39498,57258,199993,39462,57228,199993,39448,57219,199993
147,735,754654,98718.0,27.149999618530273,0,217.1229959960346,5643.48681640625,3742.949462890625,146.89999389648438,1,39497,57258,199993,39460,57227,199993,39449,57219,199993
148,740,756927,98718.0,27.149999618530273,0,217.1229959960346,5643.48681640625,3742.949462890625,147.0,1,39500,57260,199993,39456,57227,199993,39450,57219,199993
149,745,759164,98718.0,27.149999618530273,0,217.1229959960346,5632.00341796875,0.0,147.1999969482422,1,39498,57259,199993,39462,57227,199993,39451,57220,199993
150,750,761399,98716.0,27.139999389648438,0,217.2929511814915,5643.4873046875,3742.949462890625,147.3000030517578,1,39517,57259,199993,39458,57227,199993,39448,57220,199993
151,755,763692,98722.0,27.139999389648438,0,216.78309398898432,5643.4873046875,3742.949462890625,147.1999969482422,1,39496,57260,199993,39460,57227,199993,39450,57219,199993
152,760,765950,98720.0,27.149999618530273,0,216.95304359856829,5643.48681640625,3742.949462890625,147.10000610351562,1,39495,57259,199993,39459,57226,199993,39449,57219,199993
153,765,768186,98720.0,27.139999389648438,0,216.95304359856829,5643.4873046875,3742.949462890625,147.3000030517578,1,39500,57259,199993,39459,57227,199993,39451,57218,199993
154,770,770451,98718.0,27.15999984741211,0,217.1229959960346,5632.00146484375,0.0,147.39999389648438,1,39498,57261,199993,39458,57227,199993,39450,57220,199993
155,775,772711,98717.0,27.139999389648438,0,217.20797324025563,5643.48681640625,3742.949462890625,147.1999969482422,1,39497,57259,199993,39457,57227,199993,39451,57219,199993
156,780,774948,98717.0,27.139999389648438,0,217.20797324025563,5643.48681640625,3742.94921875,147.10000610351562,1,39496,57259,199993,39458,57227,199993,39449,57218,199993
157,785,777214,98721.0,27.149999618530273,0,216.86806844529346,5643.48681640625,3742.94921875,146.6999969482422,1,39498,57259,199993,39459,57227,199993,39449,57220,199993
158,790,779451,98720.0,27.149999618530273,0,216.95304359856829,5632.001953125,0.0,146.5,1,39499,57260,199993,39459,57227,199993,39449,57219,199993
159,795,781701,98720.0,27.149999618530273,0,216.95304359856829,5632.001953125,0.0,146.1999969482422,1,39496,57259,199993,39458,57227,199993,39450,57219,199993
160,800,783979,98720.0,27.139999389648438,0,216.95304359856829,5643.48681640625,3742.94921875,146.0,1,39496,57260,199993,39457,57227,199993,39450,57219,199993
161,805,786250,98716.0,27.149999618530273,0,217.2929511814915,5643.48681640625,3742.94921875,145.8000030517578,1,39499,57260,199993,39458,57228,199993,39450,57219,199993
162,810,788487,98718.0,27.15999984741211,0,217.1229959960346,5643.48681640625,3742.94921875,145.6999969482422,1,39498,57259,199993,39459,57228,199993,39451,57220,199993
163,815,790788,98456.0,27.149999618530273,0,239.410903402548,5632.001953125,0.0,149.6999969482422,1,39497,57259,199993,39466,57231,199993,39453,57221,199993
164,820,793029,97030.0,27.170000076293945,0,361.5673563301714,5643.50927734375,3742.9794921875,165.5,1,39498,57259,199993,39460,57227,199993,39449,57219,199993
166,830,798192,96409.0,26.770000457763672,0,415.21931762745965,5632.00537109375,0.0,358.20001220703125,1,32768,41433,199993,32768,41333,199993,32768,41342,199993
167,835,800598,96576.0,26.739999771118164,0,400.7637299862564,5643.49951171875,3742.84130859375,340.29998779296875,1,32768,41418,199993,32768,41324,199993,32768,41333,199993
168,840,803032,96747.0,26.700000762939453,0,385.9828585006395,5632.0009765625,0.0,327.8999938964844,1,32768,41415,199993,32768,41320,199993,32768,41322,199993
169,845,805468,96913.0,26.729999542236328,0,371.6543973207059,5643.49560546875,3742.84765625,309.20001220703125,1,32768,41408,199993,32768,41318,199993,32768,41320,199993
170,850,807873,97069.0,26.219999313354492,0,358.2071978839127,5643.49267578125,3742.848388671875,296.6000061035156,1,32768,41405,199993,32768,41316,199993,32768,41317,199993
171,855,810281,97212.0,26.440000534057617,0,345.89596166576996,5632.00146484375,0.0,283.70001220703125,1,32768,41400,199993,32768,41312,199993,32768,41318,199993
172,860,812736,97374.0,26.579999923706055,0,331.96666983162373,5643.4853515625,3742.86181640625,265.79998779296875,1,32768,41392,199993,32768,41304,199993,32768,41303,199993
173,865,815175,97535.0,26.549999237060547,0,318.14193961336343,5632.001953125,0.0,254.39999389648438,1,32768,41387,199993,32768,41298,199993,32768,41299,199993
174,870,817594,97686.0,26.510000228881836,0,305.19266997688914,5632.00146484375,0.0,242.8000030517578,1,32768,41380,199993,32768,41291,199993,32768,41293,199993
175,875,820024,97846.0,26.43000030517578,0,291.48926286521385,5643.482421875,3742.869873046875,225.5,1,32768,41375,199993,32768,41286,199993,32768,41291,199993
176,880,822478,98011.0,26.450000762939453,0,277.3766144609527,5632.001953125,0.0,214.1999969482422,1,32768,41370,199993,32768,41283,199993,32768,41288,199993
177,885,824885,98171.0,26.479999542236328,0,263.70998185521995,5643.4775390625,3742.885498046875,196.89999389648438,1,32768,41368,199993,32768,41279,199993,32768,41282,199993
178,890,827331,98311.0,26.420000076293945,0,251.76646503387957,5643.47900390625,3742.88916015625,185.60000610351562,1,32768,41362,199993,32768,41275,199993,32768,41276,199993
179,895,829738,98469.0,26.389999389648438,0,238.3038832441301,5632.00146484375,0.0,173.89999389648438,1,32768,41360,199993,32768,41271,199993,32768,41274,199993
180,900,832175,98624.0,26.3700008392334,0,225.11390529991667,5643.4765625,3742.8916015625,157.3000030517578,1,32768,41355,199993,32768,41271,199993,32768,41272,199993
181,905,834631,98739.0,26.329999923706055,0,215.33863485412394,5643.4765625,3742.897216796875,146.39999389648438,1,32768,6113,149993,32768,47437,199993,32768,48784,199993
182,910,838722,98738.0,26.489999771118164,0,215.42359746407737,5643.47607421875,3742.89794921875,144.0,1,32768,7754,142180,32768,47476,199993,32768,48762,199993
183,915,842442,98736.0,26.5,0,215.59352477422715,5643.4765625,3742.89794921875,143.8000030517578,1,32768,8015,137493,32768,47582,199993,32768,48927,199993
184,920,846179,98740.0,26.59000015258789,0,215.2536729409001,5643.4765625,3742.89794921875,143.89999389648438,1,32768,8304,137493,32768,47632,199993,32768,48985,199993
185,925,849927,98739.0,26.639999389648438,0,215.33863485412394,5643.4765625,3742.898193359375,143.89999389648438,1,32768,8328,137493,32768,47662,199993,32768,49068,199993
186,930,853639,98735.0,26.68000030517578,0,215.67848947444807,5643.4765625,3742.898193359375,144.3000030517578,1,32768,8531,137493,32768,47741,199993,32768,49191,199993
187,935,857411,98739.0,26.709999084472656,0,215.33863485412394,5643.4765625,3742.898193359375,144.1999969482422,1,32768,8720,137493,32768,47765,199993,32768,49200,199993
188,940,861125,98741.0,26.770000457763672,0,215.16871172439107,5643.4765625,3742.898193359375,144.3000030517578,1,32768,8719,137493,32768,47767,199993,32768,49219,199993
189,945,864862,98740.0,26.81999969482422,0,215.2536729409001,5643.4765625,3742.898193359375,144.39999389648438,1,32768,8861,137493,32768,47755,199993,32768,49217,199993
190,950,868614,98741.0,26.860000610351562,0,215.16871172439107,5643.4765625,3742.898193359375,144.3000030517578,1,32768,8915,137493,32768,47717,199993,32768,49177,199993
191,955,872342,98743.0,26.93000030517578,0,214.99879138147332,5643.4765625,3742.898193359375,144.1999969482422,1,32768,8922,137493,32768,47734,199993,32768,49236,199993
192,960,876084,98744.0,26.979999542236328,0,214.9138322550351,5643.4765625,3742.898193359375,144.39999389648438,1,32768,8873,137493,32768,47747,199993,32768,49270,199993
193,965,879596,98741.0,27.020000457763672,0,215.16871172439107,5643.4765625,3742.89794921875,144.3000030517578,1,32768,8727,137493,32768,47731,199993,32768,49294,199993
194,970,882003,98742.0,27.020000457763672,0,215.0837512045871,5643.47607421875,3742.89794921875,144.3000030517578,1,32768,8334,137493,32768,47766,199993,32768,49411,199993
195,975,884410,98746.0,27.06999969482422,0,214.7439160921506,5643.4765625,3742.898193359375,144.3000030517578,1,32768,8236,142180,32768,47759,199993,32768,49452,199993
196,980,886866,98742.0,27.079999923706055,0,215.0837512045871,5643.4765625,3742.898193359375,144.1999969482422,1,32768,8282,137493,32768,47769,199993,32768,49476,199993
197,985,889304,98747.0,27.100000381469727,0,214.65895905567493,5643.4765625,3742.898193359375,144.1999969482422,1,32768,8193,142180,32768,47763,199993,32768,49483,199993
198,990,891725,98746.0,27.15999984741211,0,214.7439160921506,5643.4765625,3742.898193359375,144.1999969482422,1,32768,8113,143743,32768,47748,199993,32768,49489,199993
199,995,894156,98743.0,27.18000030517578,0,214.99879138147332,5643.4765625,3742.898193359375,144.1999969482422,1,32768,8113,143743,32768,47727,199993,32768,49476,199993
200,1000,896609,98748.0,27.200000762939453,0,214.57400271582551,5643.4765625,3742.898193359375,144.3000030517578,1,32768,8040,143743,32768,47730,199993,32768,49522,199993
201,1005,899016,98747.0,27.239999771118164,0,214.65895905567493,5643.4765625,3742.89794921875,144.10000610351562,1,32768,8010,143743,32768,47727,199993,32768,49537,199993
202,1010,901472,98747.0,27.280000686645508,0,214.65895905567493,5643.4765625,3742.89794921875,144.0,1,32768,8056,143743,32768,47713,199993,32768,49538,199993
203,1015,903885,98748.0,27.290000915527344,0,214.57400271582551,5643.4765625,3742.89794921875,144.0,1,32768,7988,143743,32768,47709,199993,32768,49558,199993
204,1020,906318,98748.0,27.299999237060547,0,214.57400271582551,5643.4765625,3742.89794921875,143.89999389648438,1,32768,7971,143743,32768,47718,199993,32768,49574,199993
205,1025,908789,98750.0,27.329999923706055,0,214.40409212595648,5643.4765625,3742.89794921875,144.0,1,32768,8060,143743,32768,47714,199993,32768,49569,199993
206,1030,911196,98748.0,27.3799991607666,0,214.57400271582551,5643.4765625,3742.898193359375,144.0,1,32768,8007,143743,32768,47697,199993,32768,49552,199993
207,1035,913609,98746.0,27.399999618530273,0,214.7439160921506,5643.4765625,3742.898193359375,143.89999389648438,1,32768,8043,143743,32768,47670,199993,32768,49520,199993
208,1040,916065,98743.0,27.420000076293945,0,214.99879138147332,5643.4765625,3742.898193359375,143.8000030517578,1,32768,8017,143743,32768,47663,199993,32768,49525,199993
209,1045,918473,98750.0,27.459999084472656,0,214.40409212595648,5643.4765625,3742.898193359375,143.89999389648438,1,32768,7980,143743,32768,47662,199993,32768,49523,199993
210,1050,920886,98749.0,27.469999313354492,0,214.48904707258768,5643.4765625,3742.898193359375,143.89999389648438,1,32768,8089,143743,32768,47670,199993,32768,49767,199993
212,1060,926105,98750.0,27.549999237060547,0,214.40409212595648,5643.4765625,3742.89794921875,143.89999389648438,1,32768,54339,199993,32768,46374,199993,32768,50316,199993
213,1065,928558,98746.0,27.559999465942383,0,214.7439160921506,5643.4765625,3742.89794921875,144.0,1,32768,54161,199993,32768,46291,199993,32768,50113,199993
214,1070,930990,98749.0,27.59000015258789,0,214.48904707258768,5643.4765625,3742.89794921875,144.0,1,32768,65380,178033,32768,46327,199993,32768,49355,199993
215,1075,933412,98754.0,27.6200008392334,0,214.06427930518822,5643.4765625,3742.89794921875,143.89999389648438,1,32768,51337,199993,32768,44712,199993,32768,45652,199993
216,1080,935851,98750.0,27.639999389648438,0,214.40409212595648,5643.4765625,3742.89794921875,143.60000610351562,1,32768,52683,199993,32768,44800,199993,32768,46272,199993
217,1085,938297,98758.0,27.68000030517578,0,213.72447762902448,5643.4765625,3742.89794921875,143.5,1,32768,51133,199993,32768,44374,199993,32768,45739,199993
218,1090,940704,98752.0,27.719999313354492,0,214.23418432244515,5643.4765625,3742.89794921875,143.5,1,32768,52269,199993,32768,45345,199993,32768,47724,199993
219,1095,943118,98749.0,27.739999771118164,0,214.48904707258768,5643.4765625,3742.89794921875,143.60000610351562,1,32768,51886,199993,32768,45190,199993,32768,47872,199993
220,1100,945588,98746.0,27.780000686645508,0,214.7439160921506,5643.4765625,3742.89794921875,143.60000610351562,1,32768,51777,199993,32768,45226,199993,32768,47956,199993
221,1105,948021,98749.0,27.809999465942383,0,214.48904707258768,5643.4765625,3742.898193359375,143.5,1,32768,51675,199993,32768,45210,199993,32768,47947,199993
222,1110,950428,98749.0,27.84000015258789,0,214.48904707258768,5643.4765625,3742.898193359375,143.5,1,32768,51750,199993,32768,45184,199993,32768,48892,199993
223,1115,952863,98749.0,27.8799991607666,0,214.48904707258768,5643.4765625,3742.898193359375,143.3000030517578,1,32768,51889,199993,32768,45538,199993,32768,48947,199993
224,1120,955296,98747.0,27.8700008392334,0,214.65895905567493,5643.4765625,3742.898193359375,143.39999389648438,1,32768,51989,199993,32768,45556,199993,32768,48932,199993
225,1125,957705,98749.0,27.899999618530273,0,214.48904707258768,5643.4765625,3742.898193359375,143.1999969482422,1,32768,52293,199993,32768,45565,199993,32768,48911,199993
226,1130,960142,98751.0,27.940000534057617,0,214.31913787591225,5643.4765625,3742.898193359375,143.10000610351562,1,32768,52264,199993,32768,45547,199993,32768,48919,199993
227,1135,962549,98750.0,27.950000762939453,0,214.40409212595648,5643.4765625,3742.898193359375,143.3000030517578,1,32768,52732,199993,32768,45675,199993,32768,48918,199993
228,1140,964972,98751.0,27.959999084472656,0,214.31913787591225,5643.4765625,3742.898193359375,143.10000610351562,1,32768,53886,199993,32768,45845,199993,32768,48982,199993
229,1145,967435,98752.0,27.989999771118164,0,214.23418432244515,5643.4765625,3742.898193359375,143.0,1,32768,53335,199993,32768,45783,199993,32768,48992,199993
230,1150,969868,98750.0,28.030000686645508,0,214.40409212595648,5643.4765625,3742.898193359375,143.10000610351562,1,32768,53140,199993,32768,45728,199993,32768,48937,199993
231,1155,972276,98747.0,28.020000457763672,0,214.65895905567493,5643.4765625,3742.898193359375,143.0,1,32768,53198,199993,32768,45740,199993,32768,48912,199993
232,1160,974712,98749.0,28.020000457763672,0,214.48904707258768,5643.4765625,3742.898193359375,142.89999389648438,1,32768,53332,199993,32768,45782,199993,32768,48894,199993
233,1165,977125,98747.0,28.049999237060547,0,214.65895905567493,5643.4765625,3742.898193359375,143.0,1,32768,53324,199993,32768,45777,199993,32768,48897,199993
234,1170,979553,98750.0,28.110000610351562,0,214.40409212595648,5643.4765625,3742.898193359375,143.0,1,32768,53385,199993,32768,45756,199993,32768,48909,199993
235,1175,981984,98748.0,28.139999389648438,0,214.57400271582551,5643.4765625,3742.898681640625,143.0,1,32768,50589,199993,32768,45194,199993,32768,48947,199993
236,1180,984416,98751.0,28.139999389648438,0,214.31913787591225,5643.4765625,3742.898681640625,143.0,1,32768,50547,199993,32768,45151,199993,32768,48947,199993
237,1185,986848,98751.0,28.18000030517578,0,214.31913787591225,5643.4765625,3742.898681640625,143.0,1,32768,50436,199993,32768,45122,199993,32768,48948,199993
238,1190,989279,98748.0,28.209999084472656,0,214.57400271582551,5643.4765625,3742.898193359375,143.10000610351562,1,32768,50445,199993,32768,45096,199993,32768,48867,199993
239,1195,991693,98749.0,28.229999542236328,0,214.48904707258768,5643.4765625,3742.898193359375,143.10000610351562,1,32768,50204,199993,32768,45018,199993,32768,48789,199993
240,1200,994100,98749.0,28.260000228881836,0,214.48904707258768,5643.4765625,3742.898193359375,143.3000030517578,1,32768,50187,199993,32768,45008,199993,32768,48776,199993
241,1205,996555,98749.0,28.299999237060547,0,214.48904707258768,5643.4765625,3742.898193359375,143.39999389648438,1,32768,50187,199993,32768,45009,199993,32768,48782,199993
242,1210,998983,98750.0,28.309999465942383,0,214.40409212595648,5643.4765625,3742.898193359375,143.5,1,32768,50124,199993,32768,44984,199993,32768,48756,199993
243,1215,1001411,98746.0,28.309999465942383,0,214.7439160921506,5643.47607421875,3742.898193359375,143.5,1,32768,52589,199993,32768,45338,199993,32768,48716,199993
244,1220,1003841,98748.0,28.290000915527344,0,214.57400271582551,5643.47607421875,3742.898193359375,143.5,1,32768,50847,199993,32768,45126,199993,32768,48725,199993
245,1225,1006289,98749.0,28.34000015258789,0,214.48904707258768,5643.47607421875,3742.898193359375,143.5,1,32768,51032,199993,32768,45096,199993,32768,48733,199993
246,1230,1008703,98749.0,28.3799991607666,0,214.48904707258768,5643.47607421875,3742.898193359375,143.60000610351562,1,32768,50777,199993,32768,45085,199993,32768,48749,199993
247,1235,1011134,98750.0,28.399999618530273,0,214.40409212595648,5643.47607421875,3742.898193359375,143.8000030517578,1,32768,51629,199993,32768,45207,199993,32768,48746,199993
248,1240,1013542,98749.0,28.440000534057617,0,214.48904707258768,5643.47607421875,3742.898193359375,143.89999389648438,1,32768,51910,199993,32768,45334,199993,32768,48766,199993
249,1245,1015950,98749.0,28.420000076293945,0,214.48904707258768,5643.4765625,3742.898193359375,144.1999969482422,1,32768,51477,199993,32768,45317,199993,32768,48943,199993
250,1250,1018405,98751.0,28.440000534057617,0,214.31913787591225,5643.4765625,3742.898193359375,144.1999969482422,1,32768,51342,199993,32768,45292,199993,32768,48998,199993
251,1255,1020814,98751.0,28.440000534057617,0,214.31913787591225,5643.4765625,3742.898193359375,144.10000610351562,1,32768,51311,199993,32768,45322,199993,32768,49020,199993
252,1260,1023221,98752.0,28.479999542236328,0,214.23418432244515,5643.4765625,3742.898193359375,144.1999969482422,1,32768,51157,199993,32768,45308,199993,32768,49038,199993
253,1265,1025683,98752.0,28.479999542236328,0,214.23418432244515,5643.4765625,3742.898193359375,144.1999969482422,1,32768,50718,199993,32768,45149,199993,32768,49054,199993
254,1270,1028090,98752.0,28.510000228881836,0,214.23418432244515,5643.4765625,3742.898193359375,144.10000610351562,1,32768,50483,199993,32768,45115,199993,32768,49052,199993
255,1275,1030498,98754.0,28.549999237060547,0,214.06427930518822,5643.4765625,3742.898193359375,144.10000610351562,1,32768,49691,199993,32768,45268,199993,32768,48932,199993
256,1280,1032950,98754.0,28.579999923706055,0,214.06427930518822,5643.4765625,3742.898193359375,144.10000610351562,1,32768,56774,199993,32768,46043,199993,32768,49070,199993
257,1285,1035383,98758.0,28.559999465942383,0,213.72447762902448,5643.4765625,3742.898193359375,143.89999389648438,1,32768,54422,199993,32768,45877,199993,32768,49073,199993
258,1290,1037842,98751.0,28.610000610351562,0,214.31913787591225,5643.4765625,3742.89794921875,143.89999389648438,1,32768,53854,199993,32768,45710,199993,32768,48959,199993
259,1295,1040279,98751.0,28.6299991607666,0,214.31913787591225,5643.4765625,3742.898193359375,144.0,1,32768,53467,199993,32768,45630,199993,32768,48973,199993
260,1300,1042701,98756.0,28.65999984741211,0,213.89437707408243,5643.47607421875,3742.898193359375,144.0,1,32768,53216,199993,32768,45611,199993,32768,48958,199993
261,1305,1045135,98752.0,28.68000030517578,0,214.23418432244515,5643.47607421875,3742.898193359375,143.89999389648438,1,32768,53105,199993,32768,45571,199993,32768,48954,199993
262,1310,1047565,98751.0,28.709999084472656,0,214.31913787591225,5643.47607421875,3742.898193359375,143.8000030517578,1,32768,52836,199993,32768,45530,199993,32768,48969,199993
263,1315,1049994,98755.0,28.719999313354492,0,213.97932784137382,5643.47607421875,3742.898193359375,143.89999389648438,1,32768,52735,199993,32768,45511,199993,32768,48982,199993
264,1320,1052402,98754.0,28.690000534057617,0,214.06427930518822,5643.47607421875,3742.898193359375,144.0,1,32768,52630,199993,32768,45485,199993,32768,48994,199993
265,1325,1054858,98749.0,28.690000534057617,0,214.48904707258768,5643.47607421875,3742.898193359375,144.10000610351562,1,32768,52534,199993,32768,45457,199993,32768,48996,199993
266,1330,1057297,98752.0,28.709999084472656,0,214.23418432244515,5643.47607421875,3742.898193359375,144.10000610351562,1,32768,52427,199993,32768,45445,199993,32768,48976,199993
267,1335,1059706,98743.0,28.68000030517578,0,214.99879138147332,5643.47607421875,3742.898193359375,144.10000610351562,1,32768,59354,199993,32768,46616,199993,32768,49137,199993
268,1340,1062139,98751.0,28.690000534057617,0,214.31913787591225,5643.47607421875,3742.898681640625,144.0,1,32768,50276,199993,32768,47127,199993,32768,49489,199993
269,1345,1064573,98750.0,28.6299991607666,0,214.40409212595648,5643.47607421875,3742.898681640625,143.89999389648438,1,32768,57874,199993,32768,46266,199993,32768,51369,199993
270,1350,1066986,98742.0,28.610000610351562,0,215.0837512045871,5643.47607421875,3742.898681640625,144.10000610351562,1,32768,42885,199993,32768,42780,199993,32768,44402,199993
271,1355,1069431,98743.0,28.6299991607666,0,214.99879138147332,5643.47607421875,3742.898193359375,144.10000610351562,1,32768,42585,199993,32768,42497,199993,32768,43342,199993
272,1360,1071840,98746.0,28.639999389648438,0,214.7439160921506,5643.47607421875,3742.898193359375,144.5,1,32768,42046,199993,32768,42574,199993,32768,41382,199993
273,1365,1074288,98743.0,28.559999465942383,0,214.99879138147332,5643.47607421875,3742.898193359375,143.89999389648438,1,32768,41467,199993,32768,41358,199993,32768,41388,199993
274,1370,1076745,98742.0,28.579999923706055,0,215.0837512045871,5643.4765625,3742.898681640625,144.10000610351562,1,32768,41438,199993,32768,41355,199993,32768,41350,199993
275,1375,1079169,98748.0,28.75,0,214.57400271582551,5643.4765625,3742.898681640625,145.6999969482422,1,32768,41436,199993,32768,41364,199993,32768,41349,199993
276,1380,1081583,98750.0,28.690000534057617,0,214.40409212595648,5643.47607421875,3742.898681640625,144.89999389648438,1,32768,41432,199993,32768,41352,199993,32768,41349,199993
277,1385,1084041,98747.0,28.739999771118164,0,214.65895905567493,5643.47607421875,3742.89794921875,145.3000030517578,1,32768,41437,199993,32768,41350,199993,32768,41350,199993
278,1390,1086463,98749.0,28.68000030517578,0,214.48904707258768,5643.47607421875,3742.89794921875,144.60000610351562,1,32768,41434,199993,32768,41351,199993,32768,41348,199993
279,1395,1088898,98749.0,28.760000228881836,0,214.48904707258768,5643.47607421875,3742.89794921875,144.60000610351562,1,32768,41437,199993,32768,41360,199993,32768,41350,199993
280,1400,1091335,98749.0,28.75,0,214.48904707258768,5643.47607421875,3742.897705078125,144.5,1,32768,41436,199993,32768,41349,199993,32768,41353,199993
281,1405,1093745,98748.0,28.6299991607666,0,214.57400271582551,5643.4765625,3742.89892578125,145.10000610351562,1,32768,41436,199993,32768,41350,199993,32768,41353,199993
282,1410,1096179,98748.0,28.469999313354492,0,214.57400271582551,5643.4765625,3742.90087890625,145.0,1,32768,41434,199993,32768,41351,199993,32768,41352,199993
283,1415,1098616,98748.0,28.440000534057617,0,214.57400271582551,5643.47705078125,3742.903076171875,145.1999969482422,1,32768,41437,199993,32768,41351,199993,32768,41352,199993
284,1420,1101025,98746.0,28.510000228881836,0,214.7439160921506,5643.4775390625,3742.90625,145.39999389648438,1,32768,41437,199993,32768,41354,199993,32768,41351,199993
285,1425,1103434,98739.0,28.520000457763672,0,215.33863485412394,5643.478515625,3742.907958984375,145.5,1,32768,41440,199993,32768,41353,199993,32768,41350,199993
286,1430,1105943,98742.0,28.65999984741211,0,215.0837512045871,5643.47900390625,3742.90966796875,145.60000610351562,1,32768,41438,199993,32768,41350,199993,32768,41358,199993
287,1435,1108377,98742.0,28.75,0,215.0837512045871,5643.4794921875,3742.91064453125,145.60000610351562,1,32768,41440,199993,32768,41351,199993,32768,41351,199993
288,1440,1110800,98738.0,28.920000076293945,0,215.42359746407737,5643.48046875,3742.912109375,145.3000030517578,1,32768,41435,199993,32768,41350,199993,32768,41351,199993
289,1445,1113237,98747.0,28.829999923706055,0,214.65895905567493,5643.48095703125,3742.914794921875,145.39999389648438,1,32768,41439,199993,32768,41354,199993,32768,41349,199993
290,1450,1115691,98744.0,28.799999237060547,0,214.9138322550351,5643.4814453125,3742.916748046875,145.10000610351562,1,32768,41437,199993,32768,41350,199993,32768,41348,199993
291,1455,1118099,98743.0,28.709999084472656,0,214.99879138147332,5643.482421875,3742.9189453125,145.0,1,32768,60401,199993,32768,51256,199993,32768,41446,199993
292,1460,1120532,98740.0,28.8799991607666,0,215.2536729409001,5643.482421875,3742.921875,144.8000030517578,1,32768,41504,199993,32768,44599,199993,32768,41440,199993
293,1465,1122947,98730.0,28.979999542236328,0,216.10332342750982,5643.48291015625,3742.923828125,144.39999389648438,1,32768,41514,199993,32768,44848,199993,32768,41439,199993
294,1470,1125355,98732.0,29.030000686645508,0,215.93338775584255,5643.4833984375,3742.927001953125,144.3000030517578,1,32768,41507,199993,32768,45567,199993,32768,41434,199993
295,1475,1127812,98734.0,29.079999923706055,0,215.76345487144778,5643.4833984375,3742.9296875,144.1999969482422,1,32768,41505,199993,32768,45337,199993,32768,41432,199993
296,1480,1130226,98735.0,29.110000610351562,0,215.67848947444807,5643.484375,3742.931884765625,144.10000610351562,1,32768,41504,199993,32768,45358,199993,32768,41431,199993
297,1485,1132636,98733.0,29.1299991607666,0,215.84842096524102,5643.48486328125,3742.935791015625,144.39999389648438,1,32768,41506,199993,32768,44909,199993,32768,41434,199993
298,1490,1135093,98729.0,29.1200008392334,0,216.18829230860507,5643.48486328125,3742.9375,144.60000610351562,1,32768,41499,199993,32768,45193,199993,32768,41428,199993
299,1495,1137517,98730.0,29.209999084472656,0,216.10332342750982,5643.4853515625,3742.93994140625,144.8000030517578,1,32768,41502,199993,32768,45166,199993,32768,41429,199993
300,1500,1139931,98730.0,29.190000534057617,0,216.10332342750982,5643.4853515625,3742.942626953125,144.8000030517578,1,32768,41502,199993,32768,45018,199993,32768,41429,199993
301,1505,1142378,98730.0,29.270000457763672,0,216.10332342750982,5643.4853515625,3742.944580078125,145.10000610351562,1,32768,41508,199993,32768,45075,199993,32768,41432,199993
302,1510,1144786,98724.0,29.020000457763672,0,216.6131471671942,5643.4853515625,3742.945556640625,145.1999969482422,1,32768,41503,199993,32768,45078,199993,32768,41433,199993
303,1515,1147235,98724.0,29.010000228881836,0,216.6131471671942,5643.4853515625,3742.94580078125,145.39999389648438,1,32768,41507,199993,32768,45218,199993,32768,41434,199993
304,1520,1149667,98728.0,28.950000762939453,0,216.27326188655778,5643.4853515625,3742.94580078125,145.39999389648438,1,32768,41508,199993,32768,44388,199993,32768,41434,199993
305,1525,1152075,98734.0,28.700000762939453,0,215.76345487144778,5643.4853515625,3742.9462890625,145.8000030517578,1,32768,41510,199993,32768,44635,199993,32768,41433,199993
306,1530,1154508,98731.0,28.770000457763672,0,216.0183552432622,5643.4853515625,3742.9462890625,145.8000030517578,1,32768,41512,199993,32768,44730,199993,32768,41435,199993
307,1535,1156941,98736.0,28.469999313354492,0,215.59352477422715,5643.4853515625,3742.9462890625,145.8000030517578,1,32768,41513,199993,32768,44849,199993,32768,41438,199993
308,1540,1159349,98731.0,28.6200008392334,0,216.0183552432622,5643.4853515625,3742.9462890625,145.6999969482422,1,32768,41514,199993,32768,44461,199993,32768,41438,199993
309,1545,1161759,98738.0,28.6200008392334,0,215.42359746407737,5643.4853515625,3742.9462890625,145.5,1,32768,41518,199993,32768,44288,199993,32768,41442,199993
310,1550,1164240,98733.0,28.479999542236328,0,215.84842096524102,5643.4853515625,3742.9462890625,145.1999969482422,1,32768,41515,199993,32768,44504,199993,32768,41440,199993
311,1555,1166670,98740.0,28.68000030517578,0,215.2536729409001,5643.4853515625,3742.947265625,145.3000030517578,1,32768,41516,199993,32768,44453,199993,32768,41442,199993
312,1560,1169080,98740.0,28.739999771118164,0,215.2536729409001,5643.4853515625,3742.94873046875,144.6999969482422,1,32768,41516,199993,32768,45140,199993,32768,41443,199993
313,1565,1171517,98739.0,28.81999969482422,0,215.33863485412394,5643.48583984375,3742.952392578125,144.8000030517578,1,32768,41516,199993,32768,45152,199993,32768,41441,199993
314,1570,1173966,98735.0,28.8799991607666,0,215.67848947444807,5643.48681640625,3742.954833984375,144.6999969482422,1,32768,41515,199993,32768,44685,199993,32768,41438,199993
315,1575,1176376,98733.0,28.920000076293945,0,215.84842096524102,5643.4873046875,3742.956787109375,144.60000610351562,1,32768,41514,199993,32768,44492,199993,32768,41439,199993
316,1580,1178823,98736.0,28.899999618530273,0,215.59352477422715,5643.48779296875,3742.9599609375,144.6999969482422,1,32768,41510,199993,32768,44589,199993,32768,41438,199993
317,1585,1181233,98735.0,29.0,0,215.67848947444807,5643.48876953125,3742.961669921875,144.89999389648438,1,32768,41512,199993,32768,43898,199993,32768,41442,199993
318,1590,1183656,98731.0,29.040000915527344,0,216.0183552432622,5643.4892578125,3742.964599609375,145.10000610351562,1,32768,41514,199993,32768,44543,199993,32768,41443,199993
319,1595,1186109,98735.0,29.09000015258789,0,215.67848947444807,5643.48974609375,3742.966064453125,144.8000030517578,1,32768,41516,199993,32768,44257,199993,32768,41443,199993
320,1600,1188524,98732.0,29.149999618530273,0,215.93338775584255,5643.49072265625,3742.96826171875,145.0,1,32768,41515,199993,32768,43976,199993,32768,41441,199993
321,1605,1190948,98734.0,29.209999084472656,0,215.76345487144778,5643.49169921875,3742.971435546875,144.60000610351562,1,32768,41517,199993,32768,44300,199993,32768,41442,199993
322,1610,1193407,98733.0,29.229999542236328,0,215.84842096524102,5643.49267578125,3742.973388671875,144.60000610351562,1,32768,41517,199993,32768,44048,199993,32768,41441,199993
323,1615,1195856,98734.0,29.270000457763672,0,215.76345487144778,5643.4931640625,3742.976318359375,144.5,1,32768,41514,199993,32768,44042,199993,32768,41441,199993
324,1620,1198265,98741.0,29.329999923706055,0,215.16871172439107,5643.49365234375,3742.978515625,144.39999389648438,1,32768,41502,199993,32768,42705,199993,32768,41439,199993
325,1625,1200699,98733.0,29.239999771118164,0,215.84842096524102,5643.49462890625,3742.980224609375,144.8000030517578,1,32768,41482,199993,32768,42723,199993,32768,41361,199993
326,1630,1203108,98732.0,29.3700008392334,0,215.93338775584255,5643.49462890625,3742.983154296875,145.10000610351562,1,32768,41504,199993,32768,43482,199993,32768,41467,199993
327,1635,1205548,98735.0,29.440000534057617,0,215.67848947444807,5643.4951171875,3742.9853515625,144.6999969482422,1,32768,41512,199993,32768,44643,199993,32768,41464,199993
328,1640,1207980,98735.0,29.469999313354492,0,215.67848947444807,5643.49560546875,3742.98681640625,144.89999389648438,1,32768,41513,199993,32768,45070,199993,32768,41465,199993
329,1645,1210404,98735.0,29.459999084472656,0,215.67848947444807,5643.49609375,3742.989501953125,145.10000610351562,1,32768,41519,199993,32768,45477,199993,32768,41468,199993
330,1650,1212845,98738.0,29.549999237060547,0,215.42359746407737,5643.4970703125,3742.991455078125,144.6999969482422,1,32768,41522,199993,32768,46228,199993,32768,41473,199993
331,1655,1215293,98738.0,29.610000610351562,0,215.42359746407737,5643.49755859375,3742.993896484375,144.60000610351562,1,32768,41520,199993,32768,45465,199993,32768,41470,199993
332,1660,1217703,98738.0,29.6299991607666,0,215.42359746407737,5643.498046875,3742.995849609375,144.60000610351562,1,32768,41522,199993,32768,47241,199993,32768,41472,199993
333,1665,1220132,98739.0,29.700000762939453,0,215.33863485412394,5643.49951171875,3742.99755859375,144.60000610351562,1,32768,41522,199993,32768,47528,199993,32768,41477,199993
334,1670,1222589,98739.0,29.75,0,215.33863485412394,5643.5,3743.000244140625,144.60000610351562,1,32768,41510,199993,32768,41376,199993,32768,41472,199993
335,1675,1225023,98742.0,29.790000915527344,0,215.0837512045871,5643.5009765625,3743.002197265625,144.39999389648438,1,32768,41515,199993,32768,47690,199993,32768,41470,199993
336,1680,1227431,98741.0,29.81999969482422,0,215.16871172439107,5643.50146484375,3743.00537109375,144.39999389648438,1,32768,41506,199993,32768,42673,199993,32768,41464,199993
337,1685,1229869,98741.0,29.860000610351562,0,215.16871172439107,5643.501953125,3743.007568359375,144.3000030517578,1,32768,41518,199993,32768,48323,199993,32768,41472,199993
338,1690,1232304,98743.0,29.920000076293945,0,214.99879138147332,5643.5029296875,3743.009521484375,144.39999389648438,1,32768,41511,199993,32768,47094,199993,32768,41471,199993
339,1695,1234713,98749.0,29.989999771118164,0,214.48904707258768,5643.50390625,3743.0126953125,144.39999389648438,1,32768,41502,199993,32768,47738,199993,32768,41471,199993
340,1700,1237150,98742.0,30.0,0,215.0837512045871,5643.5048828125,3743.0146484375,144.39999389648438,1,32768,41465,199993,32768,41372,199993,32768,41365,199993
341,1705,1239559,98742.0,30.079999923706055,0,215.0837512045871,5643.50537109375,3743.016845703125,144.60000610351562,1,32768,41466,199993,32768,41373,199993,32768,41362,199993
342,1710,1241968,98736.0,30.1299991607666,0,215.59352477422715,5643.505859375,3743.020263671875,144.8000030517578,1,32768,41467,199993,32768,41374,199993,32768,41360,199993
343,1715,1244430,98741.0,30.139999389648438,0,215.16871172439107,5643.50634765625,3743.02197265625,144.8000030517578,1,32768,41466,199993,32768,41368,199993,32768,41359,199993
344,1720,1246854,98740.0,30.18000030517578,0,215.2536729409001,5643.50732421875,3743.025634765625,144.89999389648438,1,32768,41460,199993,32768,41366,199993,32768,41358,199993
345,1725,1249264,98741.0,30.15999984741211,0,215.16871172439107,5643.5078125,3743.027587890625,144.6999969482422,1,32768,41460,199993,32768,41366,199993,32768,41358,199993
346,1730,1251742,98742.0,30.25,0,215.0837512045871,5643.50830078125,3743.02978515625,144.5,1,32768,41456,199993,32768,41364,199993,32768,41355,199993
347,1735,1254175,98744.0,30.309999465942383,0,214.9138322550351,5643.509765625,3743.03271484375,144.39999389648438,1,32768,41504,199993,32768,41369,199993,32768,41356,199993
348,1740,1256624,98743.0,30.3700008392334,0,214.99879138147332,5643.51025390625,3743.034912109375,144.5,1,32768,41459,199993,32768,41365,199993,32768,41356,199993
349,1745,1259055,98749.0,30.399999618530273,0,214.48904707258768,5643.51123046875,3743.037109375,144.39999389648438,1,32768,41457,199993,32768,41365,199993,32768,41364,199993
350,1750,1261469,98748.0,30.399999618530273,0,214.57400271582551,5643.51171875,3743.0400390625,144.5,1,32768,41456,199993,32768,41364,199993,32768,41355,199993
351,1755,1263918,98746.0,30.479999542236328,0,214.7439160921506,5643.51318359375,3743.0419921875,144.3000030517578,1,32768,41455,199993,32768,41364,199993,32768,41358,199993
352,1760,1266350,98741.0,30.510000228881836,0,215.16871172439107,5643.513671875,3743.044921875,144.3000030517578,1,32768,41457,199993,32768,41365,199993,32768,41354,199993
353,1765,1268764,98741.0,30.530000686645508,0,215.16871172439107,5643.51416015625,3743.047119140625,144.0,1,32768,41456,199993,32768,41364,199993,32768,41360,199993
354,1770,1271174,98743.0,30.510000228881836,0,214.99879138147332,5643.5146484375,3743.049072265625,144.3000030517578,1,32768,41453,199993,32768,41359,199993,32768,41453,199993
355,1775,1273632,98744.0,30.540000915527344,0,214.9138322550351,5643.51611328125,3743.05224609375,144.3000030517578,1,32768,41452,199993,32768,41359,199993,32768,41351,199993
356,1780,1276066,98748.0,30.59000015258789,0,214.57400271582551,5643.517578125,3743.054443359375,144.39999389648438,1,32768,41454,199993,32768,41361,199993,32768,41352,199993
357,1785,1278495,98741.0,30.6200008392334,0,215.16871172439107,5643.51806640625,3743.0576171875,144.5,1,32768,41454,199993,32768,41363,199993,32768,41353,199993
358,1790,1280927,98746.0,30.670000076293945,0,214.7439160921506,5643.51953125,3743.059814453125,144.10000610351562,1,32768,41457,199993,32768,41365,199993,32768,41355,199993
359,1795,1283375,98741.0,30.68000030517578,0,215.16871172439107,5643.52001953125,3743.06201171875,144.39999389648438,1,32768,41459,199993,32768,41366,199993,32768,41357,199993
360,1800,1285809,98746.0,30.709999084472656,0,214.7439160921506,5643.5205078125,3743.065185546875,144.5,1,32768,41466,199993,32768,41370,199993,32768,41359,199993
361,1805,1288258,98744.0,30.770000457763672,0,214.9138322550351,5643.521484375,3743.06787109375,144.6999969482422,1,32768,41461,199993,32768,41369,199993,32768,41360,199993
362,1810,1290667,98746.0,30.799999237060547,0,214.7439160921506,5643.52197265625,3743.070068359375,144.6999969482422,1,32768,41462,199993,32768,41370,199993,32768,41361,199993
363,1815,1293102,98742.0,30.809999465942383,0,215.0837512045871,5643.5234375,3743.073486328125,144.5,1,32768,41462,199993,32768,41368,199993,32768,41360,199993
364,1820,1295561,98749.0,30.8700008392334,0,214.48904707258768,5643.52392578125,3743.075927734375,144.60000610351562,1,32768,41460,199993,32768,41367,199993,32768,41362,199993
365,1825,1297970,98750.0,30.920000076293945,0,214.40409212595648,5643.52490234375,3743.07861328125,144.8000030517578,1,32768,41461,199993,32768,41369,199993,32768,41362,199993
366,1830,1300379,98748.0,30.950000762939453,0,214.57400271582551,5643.52587890625,3743.0810546875,144.39999389648438,1,32768,41462,199993,32768,41370,199993,32768,41362,199993
367,1835,1302844,98743.0,30.989999771118164,0,214.99879138147332,5643.52685546875,3743.082763671875,144.60000610351562,1,32768,41462,199993,32768,41371,199993,32768,41361,199993
368,1840,1305252,98748.0,31.020000457763672,0,214.57400271582551,5643.52783203125,3743.086181640625,144.10000610351562,1,32768,41460,199993,32768,41368,199993,32768,41359,199993
369,1845,1307662,98744.0,31.049999237060547,0,214.9138322550351,5643.5283203125,3743.08837890625,144.5,1,32768,41461,199993,32768,41366,199993,32768,41360,199993
370,1850,1310099,98751.0,31.09000015258789,0,214.31913787591225,5643.52880859375,3743.09033203125,144.6999969482422,1,32768,41465,199993,32768,41368,199993,32768,41360,199993
371,1855,1312508,98752.0,31.110000610351562,0,214.23418432244515,5643.5302734375,3743.093017578125,144.3000030517578,1,32768,41460,199993,32768,41367,199993,32768,41361,199993
372,1860,1314952,98749.0,31.100000381469727,0,214.48904707258768,5643.53076171875,3743.095458984375,144.5,1,32768,41459,199993,32768,41368,199993,32768,41363,199993
373,1865,1317390,98747.0,31.139999389648438,0,214.65895905567493,5643.53173828125,3743.0986328125,144.39999389648438,1,32768,41459,199993,32768,41368,199993,32768,41359,199993
374,1870,1319810,98750.0,31.1299991607666,0,214.40409212595648,5643.5322265625,3743.100830078125,144.39999389648438,1,32768,41457,199993,32768,41365,199993,32768,41356,199993
375,1875,1322244,98752.0,31.190000534057617,0,214.23418432244515,5643.53271484375,3743.10302734375,144.10000610351562,1,32768,41458,199993,32768,41367,199993,32768,41358,199993
376,1880,1324691,98749.0,31.209999084472656,0,214.48904707258768,5643.533203125,3743.1064453125,144.10000610351562,1,32768,41456,199993,32768,41370,199993,32768,41357,199993
377,1885,1327106,98750.0,31.25,0,214.40409212595648,5643.5341796875,3743.10888671875,144.0,1,32768,41458,199993,32768,41366,199993,32768,41358,199993
378,1890,1329516,98750.0,31.290000915527344,0,214.40409212595648,5643.53515625,3743.1123046875,143.6999969482422,1,32768,41456,199993,32768,41363,199993,32768,41357,199993
379,1895,1331987,98755.0,31.329999923706055,0,213.97932784137382,5643.5361328125,3743.114501953125,143.8000030517578,1,32768,41458,199993,32768,41365,199993,32768,41358,199993
380,1900,1334422,98754.0,31.280000686645508,0,214.06427930518822,5643.53662109375,3743.1171875,144.0,1,32768,41481,199993,32768,41369,199993,32768,41359,199993
381,1905,1336832,98751.0,31.329999923706055,0,214.31913787591225,5643.537109375,3743.120361328125,144.0,1,32768,41461,199993,32768,41371,199993,32768,41360,199993
382,1910,1339264,98749.0,31.3700008392334,0,214.48904707258768,5643.5380859375,3743.122314453125,144.10000610351562,1,32768,41458,199993,32768,41365,199993,32768,41360,199993
383,1915,1341699,98755.0,31.399999618530273,0,213.97932784137382,5643.53857421875,3743.12451171875,144.39999389648438,1,32768,41460,199993,32768,41368,199993,32768,41361,199993
384,1920,1344132,98752.0,31.40999984741211,0,214.23418432244515,5643.5400390625,3743.127685546875,144.10000610351562,1,32768,41461,199993,32768,41369,199993,32768,41360,199993
385,1925,1346565,98749.0,31.399999618530273,0,214.48904707258768,5643.54052734375,3743.12939453125,144.10000610351562,1,32768,41462,199993,32768,41369,199993,32768,41366,199993
386,1930,1348974,98747.0,31.290000915527344,0,214.65895905567493,5643.541015625,3743.132568359375,143.5,1,32768,41462,199993,32768,41370,199993,32768,41370,199993
387,1935,1351411,98757.0,31.440000534057617,0,213.80942700330425,5643.54248046875,3743.134521484375,143.1999969482422,1,32768,41460,199993,32768,41370,199993,32768,41363,199993
388,1940,1353863,98748.0,31.469999313354492,0,214.57400271582551,5643.54296875,3743.13671875,143.5,1,32768,41459,199993,32768,41369,199993,32768,41361,199993
389,1945,1356281,98751.0,31.450000762939453,0,214.31913787591225,5643.54443359375,3743.139404296875,142.60000610351562,1,32768,41460,199993,32768,41369,199993,32768,41361,199993
390,1950,1358695,98755.0,31.459999084472656,0,213.97932784137382,5643.544921875,3743.141845703125,142.60000610351562,1,32768,41456,199993,32768,41363,199993,32768,41357,199993
391,1955,1361168,98756.0,31.479999542236328,0,213.89437707408243,5643.54638671875,3743.14501953125,142.8000030517578,1,32768,41453,199993,32768,41364,199993,32768,41357,199993
392,1960,1363576,98754.0,31.489999771118164,0,214.06427930518822,5643.546875,3743.14697265625,142.8000030517578,1,32768,41451,199993,32768,41361,199993,32768,41354,199993
393,1965,1366011,98752.0,31.520000457763672,0,214.23418432244515,5643.54736328125,3743.149169921875,142.8000030517578,1,32768,41452,199993,32768,41364,199993,32768,41356,199993
394,1970,1368462,98749.0,31.540000915527344,0,214.48904707258768,5643.548828125,3743.15234375,142.39999389648438,1,32768,41453,199993,32768,41366,199993,32768,41355,199993
395,1975,1370871,98751.0,31.549999237060547,0,214.31913787591225,5643.54931640625,3743.154541015625,142.3000030517578,1,32768,41455,199993,32768,41366,199993,32768,41357,199993
396,1980,1373316,98751.0,31.59000015258789,0,214.31913787591225,5643.55078125,3743.15673828125,142.39999389648438,1,32768,41460,199993,32768,41363,199993,32768,41356,199993
397,1985,1375770,98748.0,31.56999969482422,0,214.57400271582551,5643.55126953125,3743.159912109375,142.60000610351562,1,32768,50318,199993,32768,41361,199993,32768,41465,199993
398,1990,1378179,98761.0,31.3700008392334,0,213.46963368506272,5643.552734375,3743.16162109375,142.89999389648438,1,32768,41451,199993,32768,41357,199993,32768,41360,199993
399,1995,1380588,98765.0,31.469999313354492,0,213.12985150999944,5643.5537109375,3743.1640625,143.10000610351562,1,32768,41457,199993,32768,41361,199993,32768,42432,199993
400,2000,1383024,98752.0,30.84000015258789,0,214.23418432244515,5643.5546875,3743.166015625,143.39999389648438,1,32768,41450,199993,32768,41358,199993,32768,41357,199993
401,2005,1385433,98756.0,30.530000686645508,0,213.89437707408243,5643.55517578125,3743.16796875,143.3000030517578,1,32768,41452,199993,32768,41360,199993,32768,41360,199993
402,2010,1387857,98755.0,30.299999237060547,0,213.97932784137382,5643.55712890625,3743.170166015625,143.1999969482422,1,32768,41452,199993,32768,41363,199993,32768,41360,199993
403,2015,1390318,98757.0,30.3799991607666,0,213.80942700330425,5643.5576171875,3743.17236328125,142.8000030517578,1,32768,41455,199993,32768,41362,199993,32768,41362,199993
404,2020,1392773,98759.0,29.950000762939453,0,213.63952895123333,5643.55908203125,3743.174072265625,142.89999389648438,1,32768,41453,199993,32768,41360,199993,32768,41364,199993
405,2025,1395181,98757.0,29.860000610351562,0,213.80942700330425,5643.560546875,3743.177001953125,143.0,1,32768,41454,199993,32768,41362,199993,32768,41361,199993
406,2030,1397626,98758.0,29.469999313354492,0,213.72447762902448,5643.5615234375,3743.178955078125,143.10000610351562,1,32768,41454,199993,32768,41361,199993,32768,41361,199993
407,2035,1400066,98758.0,29.40999984741211,0,213.72447762902448,5643.56298828125,3743.181640625,142.6999969482422,1,32768,41456,199993,32768,41366,199993,32768,41364,199993
408,2040,1402475,98757.0,29.200000762939453,0,213.80942700330425,5643.56396484375,3743.18408203125,142.60000610351562,1,32768,41456,199993,32768,41364,199993,32768,41366,199993
409,2045,1404920,98759.0,29.040000915527344,0,213.63952895123333,5643.5654296875,3743.185546875,142.6999969482422,1,32768,41459,199993,32768,41366,199993,32768,41366,199993
410,2050,1407335,98764.0,28.950000762939453,0,213.21479600913443,5643.56689453125,3743.188720703125,142.6999969482422,1,32768,41460,199993,32768,41366,199993,32768,41365,199993
411,2055,1409744,98765.0,29.030000686645508,0,213.12985150999944,5643.5673828125,3743.190185546875,142.5,1,32768,41462,199993,32768,41367,199993,32768,41367,199993
412,2060,1412202,98763.0,28.8799991607666,0,213.2997412046842,5643.5693359375,3743.19140625,143.10000610351562,1,32768,41459,199993,32768,41367,199993,32768,41366,199993
413,2065,1414610,98758.0,28.84000015258789,0,213.72447762902448,5643.57080078125,3743.191650390625,143.0,1,32768,41461,199993,32768,41367,199993,32768,41369,199993
414,2070,1417025,98768.0,28.65999984741211,0,212.87502219092116,5643.57177734375,3743.1923828125,143.1999969482422,1,32768,41460,199993,32768,41369,199993,32768,41368,199993
415,2075,1419482,98775.0,28.59000015258789,0,212.28044481838626,5643.57421875,3743.19287109375,143.10000610351562,1,32768,41464,199993,32768,41372,199993,32768,41368,199993
416,2080,1421890,98765.0,28.479999542236328,0,213.12985150999944,5643.57568359375,3743.193359375,143.39999389648438,1,32768,41463,199993,32768,41371,199993,32768,41367,199993
417,2085,1424345,98772.0,28.75,0,212.53525951445494,5643.57763671875,3743.193359375,143.39999389648438,1,32768,41463,199993,32768,41367,199993,32768,41370,199993
418,2090,1426778,98797.0,28.510000228881836,0,210.41199516591234,5643.57958984375,3743.193359375,143.3000030517578,1,32768,41463,199993,32768,41372,199993,32768,41370,199993
419,2095,1429201,98767.0,28.549999237060547,0,212.95996460090512,5643.580078125,3743.19287109375,143.3000030517578,1,32768,41468,199993,32768,41371,199993,32768,41373,199993
420,2100,1431636,98772.0,28.670000076293945,0,212.53525951445494,5643.58056640625,3743.19287109375,142.8000030517578,1,32768,41467,199993,32768,44763,199993,32768,43852,199993
421,2105,1434078,98790.0,28.860000610351562,0,211.00646532760373,5643.58056640625,3743.19287109375,142.89999389648438,1,32768,41474,199993,32768,41375,199993,32768,41376,199993
422,2110,1436488,98797.0,29.18000030517578,0,210.41199516591234,5643.58056640625,3743.19287109375,143.3000030517578,1,32768,41472,199993,32768,41376,199993,32768,44462,199993
423,2115,1438897,98802.0,29.309999465942383,0,209.98739450178888,5643.58056640625,3743.19287109375,143.5,1,32768,41477,199993,32768,41465,199993,32768,41380,199993
424,2120,1441386,98767.0,29.219999313354492,0,212.95996460090512,5643.58056640625,3743.193603515625,143.5,1,32768,41477,199993,32768,41380,199993,32768,41380,199993
425,2125,1443821,98774.0,29.280000686645508,0,212.36538235412056,5643.58056640625,3743.19384765625,143.5,1,32768,41477,199993,32768,41380,199993,32768,41381,199993
426,2130,1446229,98823.0,29.309999465942383,0,208.2042616816246,5643.58056640625,3743.1943359375,144.1999969482422,1,32768,41477,199993,32768,41388,199993,32768,41381,199993
427,2135,1448667,98772.0,29.469999313354492,0,212.53525951445494,5643.58056640625,3743.19384765625,143.6999969482422,1,32768,41480,199993,32768,41383,199993,32768,41385,199993
428,2140,1451102,98771.0,29.540000915527344,0,212.62019913907466,5643.58056640625,3743.19384765625,142.6999969482422,1,32768,41483,199993,32768,42537,199993,32768,41386,199993
429,2145,1453511,98774.0,29.59000015258789,0,212.36538235412056,5643.58056640625,3743.1943359375,142.5,1,32768,41485,199993,32768,41391,199993,32768,41392,199993
430,2150,1455948,98776.0,29.59000015258789,0,212.19550797891924,5643.58056640625,3743.1943359375,142.60000610351562,1,32768,41487,199993,32768,41391,199993,32768,41390,199993
431,2155,1458358,98772.0,29.68000030517578,0,212.53525951445494,5643.580078125,3743.1943359375,141.60000610351562,1,32768,41488,199993,32768,41392,199993,32768,41396,199993
432,2160,1460802,98766.0,29.600000381469727,0,213.04490770725963,5643.58056640625,3743.194580078125,142.0,1,32768,41491,199993,32768,41393,199993,32768,41420,199993
433,2165,1463260,98770.0,29.56999969482422,0,212.7051394600207,5643.580078125,3743.194580078125,142.1999969482422,1,32768,41488,199993,32768,41391,199993,32768,41392,199993
434,2170,1465708,98816.0,29.780000686645508,0,208.7986051952753,5643.580078125,3743.194580078125,142.39999389648438,1,32768,41488,199993,32768,41393,199993,32768,41394,199993
435,2175,1468117,98804.0,30.040000915527344,0,209.81755910770866,5643.580078125,3743.194580078125,142.60000610351562,1,32768,41492,199993,32768,41398,199993,32768,41399,199993
436,2180,1470588,98799.0,30.190000534057617,0,210.24215281238577,5643.580078125,3743.194580078125,142.60000610351562,1,32768,41496,199993,32768,41402,199993,32768,41402,199993
437,2185,1473003,98834.0,30.399999618530273,0,207.27036217150942,5643.580078125,3743.1943359375,142.6999969482422,1,32768,41500,199993,32768,41401,199993,32768,41399,199993
438,2190,1475412,98828.0,30.190000534057617,0,207.77975147044887,5643.580078125,3743.1943359375,142.5,1,32768,41496,199993,32768,41402,199993,32768,41427,199993
439,2195,1477857,98812.0,30.549999237060547,0,209.13824536637483,5643.580078125,3743.1943359375,142.89999389648438,1,32768,41501,199993,32768,41491,199993,32768,53028,199993
440,2200,1480291,98759.0,30.6299991607666,0,213.63952895123333,5643.580078125,3743.1943359375,143.0,1,32768,41493,199993,32768,41399,199993,32768,41402,199993
441,2205,1482726,98760.0,30.670000076293945,0,213.55458096991603,5643.580078125,3743.1943359375,142.89999389648438,1,32768,41496,199993,32768,41404,199993,32768,41400,199993
442,2210,1485158,98758.0,30.719999313354492,0,213.72447762902448,5643.580078125,3743.1943359375,142.8000030517578,1,32768,41497,199993,32768,41401,199993,32768,41402,199993
443,2215,1487567,98758.0,30.68000030517578,0,213.72447762902448,5643.580078125,3743.19384765625,142.8000030517578,1,32768,41498,199993,32768,41403,199993,32768,41403,199993
444,2220,1490007,98752.0,30.549999237060547,0,214.23418432244515,5643.58056640625,3743.1943359375,143.39999389648438,1,32768,41501,199993,32768,41405,199993,32768,41406,199993
445,2225,1492439,98756.0,30.59000015258789,0,213.89437707408243,5643.58056640625,3743.1943359375,143.39999389648438,1,32768,41504,199993,32768,41407,199993,32768,41407,199993
