1,0,0.35000000000000003,-1.1,0.30000000000000004
1,1,0.35000000000000003,-1.1,0.30000000000000004
1,2,0.35000000000000003,-1.1,0.30000000000000004
1,3,0.35000000000000003,-1.1,0.30000000000000004
1,4,0.35000000000000003,-1.1,0.30000000000000004
1,5,0.35000000000000003,-1.1,0.30000000000000004
1,6,0.35000000000000003,-1.1,0.30000000000000004
1,7,0.35000000000000003,-1.1,0.30000000000000004
1,8,0.30000000000000004,-1.0,0.2
1,9,0.30000000000000004,-1.0,0.2
1,10,0.30000000000000004,-1.0,0.2
1,11,0.30000000000000004,-1.0,0.2
1,12,0.30000000000000004,-1.0,0.2
1,13,0.30000000000000004,-1.0,0.2
1,14,0.30000000000000004,-1.0,0.2
1,15,0.30000000000000004,-1.0,0.2
1,16,0.30000000000000004,-1.0,0.2
1,17,0.30000000000000004,-1.0,0.2
1,18,0.30000000000000004,-1.0,0.2
1,19,0.30000000000000004,-1.05,0.25
1,20,0.30000000000000004,-1.05,0.25
1,21,0.30000000000000004,-1.05,0.25
1,22,0.30000000000000004,-1.05,0.25
1,23,0.30000000000000004,-1.05,0.25
1,24,0.30000000000000004,-1.05,0.25
1,25,0.30000000000000004,-1.05,0.25
1,26,0.30000000000000004,-1.05,0.25
1,27,0.30000000000000004,-1.05,0.25
1,28,0.30000000000000004,-1.05,0.25
1,29,0.35000000000000003,-1.1,0.2
1,30,0.35000000000000003,-1.1,0.2
1,31,0.35000000000000003,-1.1,0.2
1,32,0.35000000000000003,-1.1,0.2
1,33,0.35000000000000003,-1.1,0.2
1,34,0.35000000000000003,-1.1,0.2
1,35,0.35000000000000003,-1.1,0.2
1,36,0.35000000000000003,-1.1,0.2
1,37,0.35000000000000003,-1.1,0.2
1,38,0.35000000000000003,-1.1,0.2
1,39,0.4,-1.1500000000000001,0.25
1,40,0.4,-1.1500000000000001,0.25
1,41,0.4,-1.1500000000000001,0.25
1,42,0.4,-1.1500000000000001,0.25
1,43,0.4,-1.1500000000000001,0.25
1,44,0.4,-1.1500000000000001,0.25
1,45,0.4,-1.1500000000000001,0.25
1,46,0.4,-1.1500000000000001,0.25
1,47,0.4,-1.1500000000000001,0.25
1,48,0.4,-1.1500000000000001,0.25
1,49,0.4,-1.1500000000000001,0.25
1,50,0.35000000000000003,-1.05,0.1
1,51,0.35000000000000003,-1.05,0.1
1,52,0.35000000000000003,-1.05,0.1
1,53,0.35000000000000003,-1.05,0.1
1,54,0.35000000000000003,-1.05,0.1
1,55,0.35000000000000003,-1.05,0.1
1,56,0.35000000000000003,-1.05,0.1
1,57,0.35000000000000003,-1.05,0.1
1,58,0.35000000000000003,-1.05,0.1
1,59,0.35000000000000003,-1.05,0.1
1,60,0.35000000000000003,-1.05,0.15000000000000002
1,61,0.35000000000000003,-1.05,0.15000000000000002
1,62,0.35000000000000003,-1.05,0.15000000000000002
1,63,0.35000000000000003,-1.05,0.15000000000000002
1,64,0.35000000000000003,-1.05,0.15000000000000002
1,65,0.35000000000000003,-1.05,0.15000000000000002
1,66,0.35000000000000003,-1.05,0.15000000000000002
1,67,0.35000000000000003,-1.05,0.15000000000000002
1,68,0.35000000000000003,-1.05,0.15000000000000002
1,69,0.35000000000000003,-1.05,0.15000000000000002
1,70,0.4,-1.1,0.25
1,71,0.4,-1.1,0.25
1,72,0.4,-1.1,0.25
1,73,0.4,-1.1,0.25
1,74,0.4,-1.1,0.25
1,75,0.4,-1.1,0.25
1,76,0.4,-1.1,0.25
1,77,0.4,-1.1,0.25
1,78,0.4,-1.1,0.25
1,79,0.4,-1.1,0.25
1,80,0.35000000000000003,-1.05,0.15000000000000002
1,81,0.35000000000000003,-1.05,0.15000000000000002
1,82,0.35000000000000003,-1.05,0.15000000000000002
1,83,0.35000000000000003,-1.05,0.15000000000000002
1,84,0.35000000000000003,-1.05,0.15000000000000002
1,85,0.35000000000000003,-1.05,0.15000000000000002
1,86,0.35000000000000003,-1.05,0.15000000000000002
1,87,0.35000000000000003,-1.05,0.15000000000000002
1,88,0.35000000000000003,-1.05,0.15000000000000002
1,89,0.35000000000000003,-1.05,0.15000000000000002
1,90,0.35000000000000003,-1.05,0.15000000000000002
1,91,0.35000000000000003,-1.0,0.25
1,92,0.35000000000000003,-1.0,0.25
1,93,0.35000000000000003,-1.0,0.25
1,94,0.35000000000000003,-1.0,0.25
1,95,0.35000000000000003,-1.0,0.25
1,96,0.35000000000000003,-1.0,0.25
1,97,0.35000000000000003,-1.0,0.25
1,98,0.35000000000000003,-1.0,0.25
1,99,0.35000000000000003,-1.0,0.25
1,100,0.35000000000000003,-1.0,0.25
1,101,0.35000000000000003,-1.05,0.15000000000000002
1,102,0.35000000000000003,-1.05,0.15000000000000002
1,103,0.35000000000000003,-1.05,0.15000000000000002
1,104,0.35000000000000003,-1.05,0.15000000000000002
1,105,0.35000000000000003,-1.05,0.15000000000000002
1,106,0.35000000000000003,-1.05,0.15000000000000002
1,107,0.35000000000000003,-1.05,0.15000000000000002
1,108,0.35000000000000003,-1.05,0.15000000000000002
1,109,0.35000000000000003,-1.05,0.15000000000000002
1,110,0.35000000000000003,-1.05,0.15000000000000002
1,111,0.35000000000000003,-1.05,0.2
1,112,0.35000000000000003,-1.05,0.2
1,113,0.35000000000000003,-1.05,0.2
1,114,0.35000000000000003,-1.05,0.2
1,115,0.35000000000000003,-1.05,0.2
1,116,0.35000000000000003,-1.05,0.2
1,117,0.35000000000000003,-1.05,0.2
1,118,0.35000000000000003,-1.05,0.2
1,119,0.35000000000000003,-1.05,0.2
1,120,0.35000000000000003,-1.05,0.2
1,121,0.35000000000000003,-1.05,0.2
1,122,0.35000000000000003,-1.05,0.2
1,123,0.35000000000000003,-1.05,0.2
1,124,0.35000000000000003,-1.05,0.2
1,125,0.35000000000000003,-1.05,0.2
1,126,0.35000000000000003,-1.05,0.2
1,127,0.35000000000000003,-1.05,0.2
1,128,0.35000000000000003,-1.05,0.2
1,129,0.35000000000000003,-1.05,0.2
1,130,0.35000000000000003,-1.05,0.2
1,131,0.35000000000000003,-1.05,0.2
1,132,0.4,-1.05,0.25
1,133,0.4,-1.05,0.25
1,134,0.4,-1.05,0.25
1,135,0.4,-1.05,0.25
1,136,0.4,-1.05,0.25
1,137,0.4,-1.05,0.25
1,138,0.4,-1.05,0.25
1,139,0.4,-1.05,0.25
1,140,0.4,-1.05,0.25
1,141,0.4,-1.05,0.25
1,142,0.30000000000000004,-0.9,0.2
1,143,0.30000000000000004,-0.9,0.2
1,144,0.30000000000000004,-0.9,0.2
1,145,0.30000000000000004,-0.9,0.2
1,146,0.30000000000000004,-0.9,0.2
1,147,0.30000000000000004,-0.9,0.2
1,148,0.30000000000000004,-0.9,0.2
1,149,0.30000000000000004,-0.9,0.2
1,150,0.30000000000000004,-0.9,0.2
1,151,0.30000000000000004,-0.9,0.2
1,152,0.35000000000000003,-1.05,0.2
1,153,0.35000000000000003,-1.05,0.2
1,154,0.35000000000000003,-1.05,0.2
1,155,0.35000000000000003,-1.05,0.2
1,156,0.35000000000000003,-1.05,0.2
1,157,0.35000000000000003,-1.05,0.2
1,158,0.35000000000000003,-1.05,0.2
1,159,0.35000000000000003,-1.05,0.2
1,160,0.35000000000000003,-1.05,0.2
1,161,0.35000000000000003,-1.05,0.2
1,162,0.35000000000000003,-1.05,0.2
1,163,0.4,-1.05,0.25
1,164,0.4,-1.05,0.25
1,165,0.4,-1.05,0.25
1,166,0.4,-1.05,0.25
1,167,0.4,-1.05,0.25
1,168,0.4,-1.05,0.25
1,169,0.4,-1.05,0.25
1,170,0.4,-1.05,0.25
1,171,0.4,-1.05,0.25
1,172,0.4,-1.05,0.25
1,173,0.30000000000000004,-1.1,0.25
1,174,0.30000000000000004,-1.1,0.25
1,175,0.30000000000000004,-1.1,0.25
1,176,0.30000000000000004,-1.1,0.25
1,177,0.30000000000000004,-1.1,0.25
1,178,0.30000000000000004,-1.1,0.25
1,179,0.30000000000000004,-1.1,0.25
1,180,0.30000000000000004,-1.1,0.25
1,181,0.30000000000000004,-1.1,0.25
1,182,0.30000000000000004,-1.1,0.25
1,183,0.35000000000000003,-1.1,0.25
1,184,0.35000000000000003,-1.1,0.25
1,185,0.35000000000000003,-1.1,0.25
1,186,0.35000000000000003,-1.1,0.25
1,187,0.35000000000000003,-1.1,0.25
1,188,0.35000000000000003,-1.1,0.25
1,189,0.35000000000000003,-1.1,0.25
1,190,0.35000000000000003,-1.1,0.25
1,191,0.35000000000000003,-1.1,0.25
1,192,0.35000000000000003,-1.1,0.25
1,193,0.35000000000000003,-1.1,0.25
1,194,0.30000000000000004,-1.05,0.1
1,195,0.30000000000000004,-1.05,0.1
1,196,0.30000000000000004,-1.05,0.1
1,197,0.30000000000000004,-1.05,0.1
1,198,0.30000000000000004,-1.05,0.1
1,199,0.30000000000000004,-1.05,0.1
1,200,0.30000000000000004,-1.05,0.1
1,201,0.30000000000000004,-1.05,0.1
1,202,0.30000000000000004,-1.05,0.1
1,203,0.30000000000000004,-1.05,0.1
1,204,0.30000000000000004,-0.9500000000000001,0.2
1,205,0.30000000000000004,-0.9500000000000001,0.2
1,206,0.30000000000000004,-0.9500000000000001,0.2
1,207,0.30000000000000004,-0.9500000000000001,0.2
1,208,0.30000000000000004,-0.9500000000000001,0.2
1,209,0.30000000000000004,-0.9500000000000001,0.2
1,210,0.30000000000000004,-0.9500000000000001,0.2
1,211,0.30000000000000004,-0.9500000000000001,0.2
1,212,0.30000000000000004,-0.9500000000000001,0.2
1,213,0.30000000000000004,-0.9500000000000001,0.2
1,214,0.4,-1.05,0.15000000000000002
1,215,0.4,-1.05,0.15000000000000002
1,216,0.4,-1.05,0.15000000000000002
1,217,0.4,-1.05,0.15000000000000002
1,218,0.4,-1.05,0.15000000000000002
1,219,0.4,-1.05,0.15000000000000002
1,220,0.4,-1.05,0.15000000000000002
1,221,0.4,-1.05,0.15000000000000002
1,222,0.4,-1.05,0.15000000000000002
1,223,0.4,-1.05,0.15000000000000002
1,224,0.35000000000000003,-1.05,0.25
1,225,0.35000000000000003,-1.05,0.25
1,226,0.35000000000000003,-1.05,0.25
1,227,0.35000000000000003,-1.05,0.25
1,228,0.35000000000000003,-1.05,0.25
1,229,0.35000000000000003,-1.05,0.25
1,230,0.35000000000000003,-1.05,0.25
1,231,0.35000000000000003,-1.05,0.25
1,232,0.35000000000000003,-1.05,0.25
1,233,0.35000000000000003,-1.05,0.25
1,234,0.35000000000000003,-1.05,0.25
1,235,0.30000000000000004,-1.1,0.25
1,236,0.30000000000000004,-1.1,0.25
1,237,0.30000000000000004,-1.1,0.25
1,238,0.30000000000000004,-1.1,0.25
1,239,0.30000000000000004,-1.1,0.25
1,240,0.30000000000000004,-1.1,0.25
1,241,0.30000000000000004,-1.1,0.25
1,242,0.30000000000000004,-1.1,0.25
1,243,0.30000000000000004,-1.1,0.25
1,244,0.30000000000000004,-1.1,0.25
1,245,0.25,-1.05,0.25
1,246,0.25,-1.05,0.25
1,247,0.25,-1.05,0.25
1,248,0.25,-1.05,0.25
1,249,0.25,-1.05,0.25
1,250,0.25,-1.05,0.25
1,251,0.25,-1.05,0.25
1,252,0.25,-1.05,0.25
1,253,0.25,-1.05,0.25
1,254,0.25,-1.05,0.25
1,255,0.35000000000000003,-1.1,0.25
1,256,0.35000000000000003,-1.1,0.25
1,257,0.35000000000000003,-1.1,0.25
1,258,0.35000000000000003,-1.1,0.25
1,259,0.35000000000000003,-1.1,0.25
1,260,0.35000000000000003,-1.1,0.25
1,261,0.35000000000000003,-1.1,0.25
1,262,0.35000000000000003,-1.1,0.25
1,263,0.35000000000000003,-1.1,0.25
1,264,0.35000000000000003,-1.1,0.25
1,265,0.35000000000000003,-1.1,0.25
1,266,0.35000000000000003,-1.0,0.2
1,267,0.35000000000000003,-1.0,0.2
1,268,0.35000000000000003,-1.0,0.2
1,269,0.35000000000000003,-1.0,0.2
1,270,0.35000000000000003,-1.0,0.2
1,271,0.35000000000000003,-1.0,0.2
1,272,0.35000000000000003,-1.0,0.2
1,273,0.35000000000000003,-1.0,0.2
1,274,0.35000000000000003,-1.0,0.2
1,275,0.35000000000000003,-1.0,0.2
1,276,0.25,-1.05,0.15000000000000002
1,277,0.25,-1.05,0.15000000000000002
1,278,0.25,-1.05,0.15000000000000002
1,279,0.25,-1.05,0.15000000000000002
1,280,0.25,-1.05,0.15000000000000002
1,281,0.25,-1.05,0.15000000000000002
1,282,0.25,-1.05,0.15000000000000002
1,283,0.25,-1.05,0.15000000000000002
1,284,0.25,-1.05,0.15000000000000002
1,285,0.25,-1.05,0.15000000000000002
1,286,0.25,-1.0,0.30000000000000004
1,287,0.25,-1.0,0.30000000000000004
1,288,0.25,-1.0,0.30000000000000004
1,289,0.25,-1.0,0.30000000000000004
1,290,0.25,-1.0,0.30000000000000004
1,291,0.25,-1.0,0.30000000000000004
1,292,0.25,-1.0,0.30000000000000004
1,293,0.25,-1.0,0.30000000000000004
1,294,0.25,-1.0,0.30000000000000004
1,295,0.25,-1.0,0.30000000000000004
1,296,0.25,-1.0,0.15000000000000002
1,297,0.25,-1.0,0.15000000000000002
1,298,0.25,-1.0,0.15000000000000002
1,299,0.25,-1.0,0.15000000000000002
1,300,0.25,-1.0,0.15000000000000002
1,301,0.25,-1.0,0.15000000000000002
1,302,0.25,-1.0,0.15000000000000002
1,303,0.25,-1.0,0.15000000000000002
1,304,0.25,-1.0,0.15000000000000002
1,305,0.25,-1.0,0.15000000000000002
1,306,0.25,-1.0,0.15000000000000002
1,307,0.30000000000000004,-0.9500000000000001,0.1
1,308,0.30000000000000004,-0.9500000000000001,0.1
1,309,0.30000000000000004,-0.9500000000000001,0.1
1,310,0.30000000000000004,-0.9500000000000001,0.1
1,311,0.30000000000000004,-0.9500000000000001,0.1
1,312,0.30000000000000004,-0.9500000000000001,0.1
1,313,0.30000000000000004,-0.9500000000000001,0.1
1,314,0.30000000000000004,-0.9500000000000001,0.1
1,315,0.30000000000000004,-0.9500000000000001,0.1
1,316,0.30000000000000004,-0.9500000000000001,0.1
1,317,0.35000000000000003,-1.05,0.2
1,318,0.35000000000000003,-1.05,0.2
1,319,0.35000000000000003,-1.05,0.2
1,320,0.35000000000000003,-1.05,0.2
1,321,0.35000000000000003,-1.05,0.2
1,322,0.35000000000000003,-1.05,0.2
1,323,0.35000000000000003,-1.05,0.2
1,324,0.35000000000000003,-1.05,0.2
1,325,0.35000000000000003,-1.05,0.2
1,326,0.35000000000000003,-1.05,0.2
1,327,0.30000000000000004,-1.0,0.15000000000000002
1,328,0.30000000000000004,-1.0,0.15000000000000002
1,329,0.30000000000000004,-1.0,0.15000000000000002
1,330,0.30000000000000004,-1.0,0.15000000000000002
1,331,0.30000000000000004,-1.0,0.15000000000000002
1,332,0.30000000000000004,-1.0,0.15000000000000002
1,333,0.30000000000000004,-1.0,0.15000000000000002
1,334,0.30000000000000004,-1.0,0.15000000000000002
1,335,0.30000000000000004,-1.0,0.15000000000000002
1,336,0.30000000000000004,-1.0,0.15000000000000002
1,337,0.30000000000000004,-1.0,0.15000000000000002
1,338,0.45,-1.05,0.2
1,339,0.45,-1.05,0.2
1,340,0.45,-1.05,0.2
1,341,0.45,-1.05,0.2
1,342,0.45,-1.05,0.2
1,343,0.45,-1.05,0.2
1,344,0.45,-1.05,0.2
1,345,0.45,-1.05,0.2
1,346,0.45,-1.05,0.2
1,347,0.45,-1.05,0.2
1,348,0.30000000000000004,-1.0,0.25
1,349,0.30000000000000004,-1.0,0.25
1,350,0.30000000000000004,-1.0,0.25
1,351,0.30000000000000004,-1.0,0.25
1,352,0.30000000000000004,-1.0,0.25
1,353,0.30000000000000004,-1.0,0.25
1,354,0.30000000000000004,-1.0,0.25
1,355,0.30000000000000004,-1.0,0.25
1,356,0.30000000000000004,-1.0,0.25
1,357,0.30000000000000004,-1.0,0.25
1,358,0.30000000000000004,-1.0,0.30000000000000004
1,359,0.30000000000000004,-1.0,0.30000000000000004
1,360,0.30000000000000004,-1.0,0.30000000000000004
1,361,0.30000000000000004,-1.0,0.30000000000000004
1,362,0.30000000000000004,-1.0,0.30000000000000004
1,363,0.30000000000000004,-1.0,0.30000000000000004
1,364,0.30000000000000004,-1.0,0.30000000000000004
1,365,0.30000000000000004,-1.0,0.30000000000000004
1,366,0.30000000000000004,-1.0,0.30000000000000004
1,367,0.30000000000000004,-1.0,0.30000000000000004
1,368,0.35000000000000003,-1.05,0.25
1,369,0.35000000000000003,-1.05,0.25
1,370,0.35000000000000003,-1.05,0.25
1,371,0.35000000000000003,-1.05,0.25
1,372,0.35000000000000003,-1.05,0.25
1,373,0.35000000000000003,-1.05,0.25
1,374,0.35000000000000003,-1.05,0.25
1,375,0.35000000000000003,-1.05,0.25
1,376,0.35000000000000003,-1.05,0.25
1,377,0.35000000000000003,-1.05,0.25
1,378,0.35000000000000003,-1.05,0.25
1,379,0.30000000000000004,-1.05,0.30000000000000004
1,380,0.30000000000000004,-1.05,0.30000000000000004
1,381,0.30000000000000004,-1.05,0.30000000000000004
1,382,0.30000000000000004,-1.05,0.30000000000000004
1,383,0.30000000000000004,-1.05,0.30000000000000004
1,384,0.30000000000000004,-1.05,0.30000000000000004
1,385,0.30000000000000004,-1.05,0.30000000000000004
1,386,0.30000000000000004,-1.05,0.30000000000000004
1,387,0.30000000000000004,-1.05,0.30000000000000004
1,388,0.30000000000000004,-1.05,0.30000000000000004
1,389,0.35000000000000003,-1.05,0.25
1,390,0.35000000000000003,-1.05,0.25
1,391,0.35000000000000003,-1.05,0.25
1,392,0.35000000000000003,-1.05,0.25
1,393,0.35000000000000003,-1.05,0.25
1,394,0.35000000000000003,-1.05,0.25
1,395,0.35000000000000003,-1.05,0.25
1,396,0.35000000000000003,-1.05,0.25
1,397,0.35000000000000003,-1.05,0.25
1,398,0.35000000000000003,-1.05,0.25
1,399,0.4,-1.1500000000000001,0.25
1,400,0.4,-1.1500000000000001,0.25
1,401,0.4,-1.1500000000000001,0.25
1,402,0.4,-1.1500000000000001,0.25
1,403,0.4,-1.1500000000000001,0.25
1,404,0.4,-1.1500000000000001,0.25
1,405,0.4,-1.1500000000000001,0.25
1,406,0.4,-1.1500000000000001,0.25
1,407,0.4,-1.1500000000000001,0.25
1,408,0.4,-1.1500000000000001,0.25
1,409,0.4,-1.1500000000000001,0.25
1,410,0.45,-1.05,0.25
1,411,0.45,-1.05,0.25
1,412,0.45,-1.05,0.25
1,413,0.45,-1.05,0.25
1,414,0.45,-1.05,0.25
1,415,0.45,-1.05,0.25
1,416,0.45,-1.05,0.25
1,417,0.45,-1.05,0.25
1,418,0.45,-1.05,0.25
1,419,0.45,-1.05,0.25
1,420,0.4,-1.1,0.2
1,421,0.4,-1.1,0.2
1,422,0.4,-1.1,0.2
1,423,0.4,-1.1,0.2
1,424,0.4,-1.1,0.2
1,425,0.4,-1.1,0.2
1,426,0.4,-1.1,0.2
1,427,0.4,-1.1,0.2
1,428,0.4,-1.1,0.2
1,429,0.4,-1.1,0.2
1,430,0.45,-1.1,0.2
1,431,0.45,-1.1,0.2
1,432,0.45,-1.1,0.2
1,433,0.45,-1.1,0.2
1,434,0.45,-1.1,0.2
1,435,0.45,-1.1,0.2
1,436,0.45,-1.1,0.2
1,437,0.45,-1.1,0.2
1,438,0.45,-1.1,0.2
1,439,0.45,-1.1,0.2
1,440,0.4,-1.1,0.2
1,441,0.4,-1.1,0.2
1,442,0.4,-1.1,0.2
1,443,0.4,-1.1,0.2
1,444,0.4,-1.1,0.2
1,445,0.4,-1.1,0.2
1,446,0.4,-1.1,0.2
1,447,0.4,-1.1,0.2
1,448,0.4,-1.1,0.2
1,449,0.4,-1.1,0.2
1,450,0.4,-1.1,0.2
1,451,0.4,-1.05,0.2
1,452,0.4,-1.05,0.2
1,453,0.4,-1.05,0.2
1,454,0.4,-1.05,0.2
1,455,0.4,-1.05,0.2
1,456,0.4,-1.05,0.2
1,457,0.4,-1.05,0.2
1,458,0.4,-1.05,0.2
1,459,0.4,-1.05,0.2
1,460,0.4,-1.05,0.2
1,461,0.35000000000000003,-0.9500000000000001,0.25
1,462,0.35000000000000003,-0.9500000000000001,0.25
1,463,0.35000000000000003,-0.9500000000000001,0.25
1,464,0.35000000000000003,-0.9500000000000001,0.25
1,465,0.35000000000000003,-0.9500000000000001,0.25
1,466,0.35000000000000003,-0.9500000000000001,0.25
1,467,0.35000000000000003,-0.9500000000000001,0.25
1,468,0.35000000000000003,-0.9500000000000001,0.25
1,469,0.35000000000000003,-0.9500000000000001,0.25
1,470,0.35000000000000003,-0.9500000000000001,0.25
1,471,0.35000000000000003,-1.0,0.15000000000000002
1,472,0.35000000000000003,-1.0,0.15000000000000002
1,473,0.35000000000000003,-1.0,0.15000000000000002
1,474,0.35000000000000003,-1.0,0.15000000000000002
1,475,0.35000000000000003,-1.0,0.15000000000000002
1,476,0.35000000000000003,-1.0,0.15000000000000002
1,477,0.35000000000000003,-1.0,0.15000000000000002
1,478,0.35000000000000003,-1.0,0.15000000000000002
1,479,0.35000000000000003,-1.0,0.15000000000000002
1,480,0.35000000000000003,-1.0,0.15000000000000002
1,481,0.35000000000000003,-1.0,0.15000000000000002
1,482,0.30000000000000004,-0.9500000000000001,0.2
1,483,0.30000000000000004,-0.9500000000000001,0.2
1,484,0.30000000000000004,-0.9500000000000001,0.2
1,485,0.30000000000000004,-0.9500000000000001,0.2
1,486,0.30000000000000004,-0.9500000000000001,0.2
1,487,0.30000000000000004,-0.9500000000000001,0.2
1,488,0.30000000000000004,-0.9500000000000001,0.2
1,489,0.30000000000000004,-0.9500000000000001,0.2
1,490,0.30000000000000004,-0.9500000000000001,0.2
1,491,0.30000000000000004,-0.9500000000000001,0.2
1,492,0.4,-1.0,0.2
1,493,0.4,-1.0,0.2
1,494,0.4,-1.0,0.2
1,495,0.4,-1.0,0.2
1,496,0.4,-1.0,0.2
1,497,0.4,-1.0,0.2
1,498,0.4,-1.0,0.2
1,499,0.4,-1.0,0.2
1,500,0.4,-1.0,0.2
1,501,0.4,-1.0,0.2
1,502,0.4,-0.9500000000000001,0.2
1,503,0.4,-0.9500000000000001,0.2
1,504,0.4,-0.9500000000000001,0.2
1,505,0.4,-0.9500000000000001,0.2
1,506,0.4,-0.9500000000000001,0.2
1,507,0.4,-0.9500000000000001,0.2
1,508,0.4,-0.9500000000000001,0.2
1,509,0.4,-0.9500000000000001,0.2
1,510,0.4,-0.9500000000000001,0.2
1,511,0.4,-0.9500000000000001,0.2
1,512,0.4,-0.9500000000000001,0.2
1,513,0.4,-0.9500000000000001,0.2
1,514,0.4,-0.9500000000000001,0.2
1,515,0.4,-0.9500000000000001,0.2
1,516,0.4,-0.9500000000000001,0.2
1,517,0.4,-0.9500000000000001,0.2
1,518,0.4,-0.9500000000000001,0.2
1,519,0.4,-0.9500000000000001,0.2
1,520,0.4,-0.9500000000000001,0.2
1,521,0.4,-0.9500000000000001,0.2
1,522,0.4,-0.9500000000000001,0.2
1,523,0.4,-0.8500000000000001,0.2
1,524,0.4,-0.8500000000000001,0.2
1,525,0.4,-0.8500000000000001,0.2
1,526,0.4,-0.8500000000000001,0.2
1,527,0.4,-0.8500000000000001,0.2
1,528,0.4,-0.8500000000000001,0.2
1,529,0.4,-0.8500000000000001,0.2
1,530,0.4,-0.8500000000000001,0.2
1,531,0.4,-0.8500000000000001,0.2
1,532,0.4,-0.8500000000000001,0.2
1,533,0.4,-1.0,0.15000000000000002
1,534,0.4,-1.0,0.15000000000000002
1,535,0.4,-1.0,0.15000000000000002
1,536,0.4,-1.0,0.15000000000000002
1,537,0.4,-1.0,0.15000000000000002
1,538,0.4,-1.0,0.15000000000000002
1,539,0.4,-1.0,0.15000000000000002
1,540,0.4,-1.0,0.15000000000000002
1,541,0.4,-1.0,0.15000000000000002
1,542,0.4,-1.0,0.15000000000000002
1,543,0.45,-1.1,0.2
1,544,0.45,-1.1,0.2
1,545,0.45,-1.1,0.2
1,546,0.45,-1.1,0.2
1,547,0.45,-1.1,0.2
1,548,0.45,-1.1,0.2
1,549,0.45,-1.1,0.2
1,550,0.45,-1.1,0.2
1,551,0.45,-1.1,0.2
1,552,0.45,-1.1,0.2
1,553,0.45,-1.1,0.2
1,554,0.45,-1.1500000000000001,0.25
1,555,0.45,-1.1500000000000001,0.25
1,556,0.45,-1.1500000000000001,0.25
1,557,0.45,-1.1500000000000001,0.25
1,558,0.45,-1.1500000000000001,0.25
1,559,0.45,-1.1500000000000001,0.25
1,560,0.45,-1.1500000000000001,0.25
1,561,0.45,-1.1500000000000001,0.25
1,562,0.45,-1.1500000000000001,0.25
1,563,0.45,-1.1500000000000001,0.25
1,564,0.5,-0.9500000000000001,0.25
1,565,0.5,-0.9500000000000001,0.25
1,566,0.5,-0.9500000000000001,0.25
1,567,0.5,-0.9500000000000001,0.25
1,568,0.5,-0.9500000000000001,0.25
1,569,0.5,-0.9500000000000001,0.25
1,570,0.5,-0.9500000000000001,0.25
1,571,0.5,-0.9500000000000001,0.25
1,572,0.5,-0.9500000000000001,0.25
1,573,0.5,-0.9500000000000001,0.25
1,574,0.65,-1.05,0.35000000000000003
1,575,0.65,-1.05,0.35000000000000003
1,576,0.65,-1.05,0.35000000000000003
1,577,0.65,-1.05,0.35000000000000003
1,578,0.65,-1.05,0.35000000000000003
1,579,0.65,-1.05,0.35000000000000003
1,580,0.65,-1.05,0.35000000000000003
1,581,0.65,-1.05,0.35000000000000003
1,582,0.65,-1.05,0.35000000000000003
1,583,0.65,-1.05,0.35000000000000003
1,584,0.45,-1.05,0.25
1,585,0.45,-1.05,0.25
1,586,0.45,-1.05,0.25
1,587,0.45,-1.05,0.25
1,588,0.45,-1.05,0.25
1,589,0.45,-1.05,0.25
1,590,0.45,-1.05,0.25
1,591,0.45,-1.05,0.25
1,592,0.45,-1.05,0.25
1,593,0.45,-1.05,0.25
1,594,0.45,-1.05,0.25
1,595,0.55,-1.1500000000000001,0.25
1,596,0.55,-1.1500000000000001,0.25
1,597,0.55,-1.1500000000000001,0.25
1,598,0.55,-1.1500000000000001,0.25
1,599,0.55,-1.1500000000000001,0.25
1,600,0.55,-1.1500000000000001,0.25
1,601,0.55,-1.1500000000000001,0.25
1,602,0.55,-1.1500000000000001,0.25
1,603,0.55,-1.1500000000000001,0.25
1,604,0.55,-1.1500000000000001,0.25
1,605,0.25,-1.7000000000000002,0.30000000000000004
1,606,0.25,-1.7000000000000002,0.30000000000000004
1,607,0.25,-1.7000000000000002,0.30000000000000004
1,608,0.25,-1.7000000000000002,0.30000000000000004
1,609,0.25,-1.7000000000000002,0.30000000000000004
1,610,0.25,-1.7000000000000002,0.30000000000000004
1,611,0.25,-1.7000000000000002,0.30000000000000004
1,612,0.25,-1.7000000000000002,0.30000000000000004
1,613,0.25,-1.7000000000000002,0.30000000000000004
1,614,0.25,-1.7000000000000002,0.30000000000000004
1,615,1.2000000000000002,-1.75,0.6000000000000001
1,616,1.2000000000000002,-1.75,0.6000000000000001
1,617,1.2000000000000002,-1.75,0.6000000000000001
1,618,1.2000000000000002,-1.75,0.6000000000000001
1,619,1.2000000000000002,-1.75,0.6000000000000001
1,620,1.2000000000000002,-1.75,0.6000000000000001
1,621,1.2000000000000002,-1.75,0.6000000000000001
1,622,1.2000000000000002,-1.75,0.6000000000000001
1,623,1.2000000000000002,-1.75,0.6000000000000001
1,624,1.2000000000000002,-1.75,0.6000000000000001
1,625,1.2000000000000002,-1.75,0.6000000000000001
1,626,0.65,-1.4000000000000001,0.25
1,627,0.65,-1.4000000000000001,0.25
1,628,0.65,-1.4000000000000001,0.25
1,629,0.65,-1.4000000000000001,0.25
1,630,0.65,-1.4000000000000001,0.25
1,631,0.65,-1.4000000000000001,0.25
1,632,0.65,-1.4000000000000001,0.25
1,633,0.65,-1.4000000000000001,0.25
1,634,0.65,-1.4000000000000001,0.25
1,635,0.65,-1.4000000000000001,0.25
1,636,1.05,-1.6,0.45
1,637,1.05,-1.6,0.45
1,638,1.05,-1.6,0.45
1,639,1.05,-1.6,0.45
1,640,1.05,-1.6,0.45
1,641,1.05,-1.6,0.45
1,642,1.05,-1.6,0.45
1,643,1.05,-1.6,0.45
1,644,1.05,-1.6,0.45
1,645,1.05,-1.6,0.45
1,646,1.6,-2.7,0.4
1,647,1.6,-2.7,0.4
1,648,1.6,-2.7,0.4
1,649,1.6,-2.7,0.4
1,650,1.6,-2.7,0.4
1,651,1.6,-2.7,0.4
1,652,1.6,-2.7,0.4
1,653,1.6,-2.7,0.4
1,654,1.6,-2.7,0.4
1,655,1.6,-2.7,0.4
1,656,2.2,-3.3000000000000003,0.5
1,657,2.2,-3.3000000000000003,0.5
1,658,2.2,-3.3000000000000003,0.5
1,659,2.2,-3.3000000000000003,0.5
1,660,2.2,-3.3000000000000003,0.5
1,661,2.2,-3.3000000000000003,0.5
1,662,2.2,-3.3000000000000003,0.5
1,663,2.2,-3.3000000000000003,0.5
1,664,2.2,-3.3000000000000003,0.5
1,665,2.2,-3.3000000000000003,0.5
1,666,2.2,-3.3000000000000003,0.5
1,667,3.35,-3.2,1.05
1,668,3.35,-3.2,1.05
1,669,3.35,-3.2,1.05
1,670,3.35,-3.2,1.05
1,671,3.35,-3.2,1.05
1,672,3.35,-3.2,1.05
1,673,3.35,-3.2,1.05
1,674,3.35,-3.2,1.05
1,675,3.35,-3.2,1.05
1,676,3.35,-3.2,1.05
1,677,3.4000000000000004,-5.4,0.9500000000000001
1,678,3.4000000000000004,-5.4,0.9500000000000001
1,679,3.4000000000000004,-5.4,0.9500000000000001
1,680,3.4000000000000004,-5.4,0.9500000000000001
1,681,3.4000000000000004,-5.4,0.9500000000000001
1,682,3.4000000000000004,-5.4,0.9500000000000001
1,683,3.4000000000000004,-5.4,0.9500000000000001
1,684,3.4000000000000004,-5.4,0.9500000000000001
1,685,3.4000000000000004,-5.4,0.9500000000000001
1,686,3.4000000000000004,-5.4,0.9500000000000001
1,687,6.2,-8.5,3.7
1,688,6.2,-8.5,3.7
1,689,6.2,-8.5,3.7
1,690,6.2,-8.5,3.7
1,691,6.2,-8.5,3.7
1,692,6.2,-8.5,3.7
1,693,6.2,-8.5,3.7
1,694,6.2,-8.5,3.7
1,695,6.2,-8.5,3.7
1,696,6.2,-8.5,3.7
1,697,6.2,-8.5,3.7
1,698,6.7,-6.15,3.6
1,699,6.7,-6.15,3.6
1,700,6.7,-6.15,3.6
1,701,6.7,-6.15,3.6
1,702,6.7,-6.15,3.6
1,703,6.7,-6.15,3.6
1,704,6.7,-6.15,3.6
1,705,6.7,-6.15,3.6
1,706,6.7,-6.15,3.6
1,707,6.7,-6.15,3.6
1,708,6.15,4.6000000000000005,3.1500000000000004
1,709,6.15,4.6000000000000005,3.1500000000000004
1,710,6.15,4.6000000000000005,3.1500000000000004
1,711,6.15,4.6000000000000005,3.1500000000000004
1,712,6.15,4.6000000000000005,3.1500000000000004
1,713,6.15,4.6000000000000005,3.1500000000000004
1,714,6.15,4.6000000000000005,3.1500000000000004
1,715,6.15,4.6000000000000005,3.1500000000000004
1,716,6.15,4.6000000000000005,3.1500000000000004
1,717,6.15,4.6000000000000005,3.1500000000000004
1,718,7.95,8.1,4.9
1,719,7.95,8.1,4.9
1,720,7.95,8.1,4.9
1,721,7.95,8.1,4.9
1,722,7.95,8.1,4.9
1,723,7.95,8.1,4.9
1,724,7.95,8.1,4.9
1,725,7.95,8.1,4.9
1,726,7.95,8.1,4.9
1,727,7.95,8.1,4.9
1,728,11.75,6.15,8.1
1,729,11.75,6.15,8.1
1,730,11.75,6.15,8.1
1,731,11.75,6.15,8.1
1,732,11.75,6.15,8.1
1,733,11.75,6.15,8.1
1,734,11.75,6.15,8.1
1,735,11.75,6.15,8.1
1,736,11.75,6.15,8.1
1,737,11.75,6.15,8.1
1,738,11.75,6.15,8.1
1,739,5.4,3.9000000000000004,5.0
1,740,5.4,3.9000000000000004,5.0
1,741,5.4,3.9000000000000004,5.0
1,742,5.4,3.9000000000000004,5.0
1,743,5.4,3.9000000000000004,5.0
1,744,5.4,3.9000000000000004,5.0
1,745,5.4,3.9000000000000004,5.0
1,746,5.4,3.9000000000000004,5.0
1,747,5.4,3.9000000000000004,5.0
1,748,5.4,3.9000000000000004,5.0
1,749,1.9500000000000002,1.4000000000000001,2.3000000000000003
1,750,1.9500000000000002,1.4000000000000001,2.3000000000000003
1,751,1.9500000000000002,1.4000000000000001,2.3000000000000003
1,752,1.9500000000000002,1.4000000000000001,2.3000000000000003
1,753,1.9500000000000002,1.4000000000000001,2.3000000000000003
1,754,1.9500000000000002,1.4000000000000001,2.3000000000000003
1,755,1.9500000000000002,1.4000000000000001,2.3000000000000003
1,756,1.9500000000000002,1.4000000000000001,2.3000000000000003
1,757,1.9500000000000002,1.4000000000000001,2.3000000000000003
1,758,1.9500000000000002,1.4000000000000001,2.3000000000000003
1,759,1.05,-0.05,1.5
1,760,1.05,-0.05,1.5
1,761,1.05,-0.05,1.5
1,762,1.05,-0.05,1.5
1,763,1.05,-0.05,1.5
1,764,1.05,-0.05,1.5
1,765,1.05,-0.05,1.5
1,766,1.05,-0.05,1.5
1,767,1.05,-0.05,1.5
1,768,1.05,-0.05,1.5
1,769,0.35000000000000003,-1.1,0.2
1,770,0.35000000000000003,-1.1,0.2
1,771,0.35000000000000003,-1.1,0.2
1,772,0.35000000000000003,-1.1,0.2
1,773,0.4,-1.1,0.2
1,774,0.4,-1.1,0.2
1,775,0.4,-1.1,0.2
1,776,0.4,-1.1,0.2
1,777,0.4,-1.1,0.2
1,778,0.4,-1.1,0.2
1,779,0.4,-1.1,0.2
1,780,0.4,-1.1,0.2
1,781,0.4,-1.1,0.2
1,782,0.4,-1.1,0.2
1,783,0.25,-1.1,0.1
1,784,0.25,-1.1,0.1
1,785,0.25,-1.1,0.1
1,786,0.25,-1.1,0.1
1,787,0.25,-1.1,0.1
1,788,0.25,-1.1,0.1
1,789,0.25,-1.1,0.1
1,790,0.25,-1.1,0.1
1,791,0.25,-1.1,0.1
1,792,0.25,-1.1,0.1
1,793,0.25,-1.0,0.35000000000000003
1,794,0.25,-1.0,0.35000000000000003
1,795,0.25,-1.0,0.35000000000000003
1,796,0.25,-1.0,0.35000000000000003
1,797,0.25,-1.0,0.35000000000000003
1,798,0.25,-1.0,0.35000000000000003
1,799,0.25,-1.0,0.35000000000000003
1,800,0.25,-1.0,0.35000000000000003
1,801,0.25,-1.0,0.35000000000000003
1,802,0.25,-1.0,0.35000000000000003
1,803,0.25,-1.0,0.35000000000000003
1,804,0.30000000000000004,-1.1,0.2
1,805,0.30000000000000004,-1.1,0.2
1,806,0.30000000000000004,-1.1,0.2
1,807,0.30000000000000004,-1.1,0.2
1,808,0.30000000000000004,-1.1,0.2
1,809,0.30000000000000004,-1.1,0.2
1,810,0.30000000000000004,-1.1,0.2
1,811,0.30000000000000004,-1.1,0.2
1,812,0.30000000000000004,-1.1,0.2
1,813,0.30000000000000004,-1.1,0.2
1,814,0.4,-1.05,0.25
1,815,0.4,-1.05,0.25
1,816,0.4,-1.05,0.25
1,817,0.4,-1.05,0.25
1,818,0.4,-1.05,0.25
1,819,0.4,-1.05,0.25
1,820,0.4,-1.05,0.25
1,821,0.4,-1.05,0.25
1,822,0.4,-1.05,0.25
1,823,0.4,-1.05,0.25
1,824,0.4,-1.1500000000000001,0.25
1,825,0.4,-1.1500000000000001,0.25
1,826,0.4,-1.1500000000000001,0.25
1,827,0.4,-1.1500000000000001,0.25
1,828,0.4,-1.1500000000000001,0.25
1,829,0.4,-1.1500000000000001,0.25
1,830,0.4,-1.1500000000000001,0.25
1,831,0.4,-1.1500000000000001,0.25
1,832,0.4,-1.1500000000000001,0.25
1,833,0.4,-1.1500000000000001,0.25
1,834,0.4,-1.1500000000000001,0.25
1,835,0.4,-1.05,0.25
1,836,0.4,-1.05,0.25
1,837,0.4,-1.05,0.25
1,838,0.4,-1.05,0.25
1,839,0.4,-1.05,0.25
1,840,0.4,-1.05,0.25
1,841,0.4,-1.05,0.25
1,842,0.4,-1.05,0.25
1,843,0.4,-1.05,0.25
1,844,0.4,-1.05,0.25
1,845,0.30000000000000004,-0.9500000000000001,0.25
1,846,0.30000000000000004,-0.9500000000000001,0.25
1,847,0.30000000000000004,-0.9500000000000001,0.25
1,848,0.30000000000000004,-0.9500000000000001,0.25
1,849,0.30000000000000004,-0.9500000000000001,0.25
1,850,0.30000000000000004,-0.9500000000000001,0.25
1,851,0.30000000000000004,-0.9500000000000001,0.25
1,852,0.30000000000000004,-0.9500000000000001,0.25
1,853,0.30000000000000004,-0.9500000000000001,0.25
1,854,0.30000000000000004,-0.9500000000000001,0.25
1,855,0.30000000000000004,-1.05,0.25
1,856,0.30000000000000004,-1.05,0.25
1,857,0.30000000000000004,-1.05,0.25
1,858,0.30000000000000004,-1.05,0.25
1,859,0.30000000000000004,-1.05,0.25
1,860,0.30000000000000004,-1.05,0.25
1,861,0.30000000000000004,-1.05,0.25
1,862,0.30000000000000004,-1.05,0.25
1,863,0.30000000000000004,-1.05,0.25
1,864,0.30000000000000004,-1.05,0.25
1,865,0.4,-1.1,0.2
1,866,0.4,-1.1,0.2
1,867,0.4,-1.1,0.2
1,868,0.4,-1.1,0.2
1,869,0.4,-1.1,0.2
1,870,0.4,-1.1,0.2
1,871,0.4,-1.1,0.2
1,872,0.4,-1.1,0.2
1,873,0.4,-1.1,0.2
1,874,0.4,-1.1,0.2
1,875,0.4,-1.1,0.2
1,876,0.35000000000000003,-1.1,0.15000000000000002
1,877,0.35000000000000003,-1.1,0.15000000000000002
1,878,0.35000000000000003,-1.1,0.15000000000000002
1,879,0.35000000000000003,-1.1,0.15000000000000002
1,880,0.35000000000000003,-1.1,0.15000000000000002
1,881,0.35000000000000003,-1.1,0.15000000000000002
1,882,0.35000000000000003,-1.1,0.15000000000000002
1,883,0.35000000000000003,-1.1,0.15000000000000002
1,884,0.35000000000000003,-1.1,0.15000000000000002
1,885,0.35000000000000003,-1.1,0.15000000000000002
1,886,0.45,-1.1500000000000001,0.2
1,887,0.45,-1.1500000000000001,0.2
1,888,0.45,-1.1500000000000001,0.2
1,889,0.45,-1.1500000000000001,0.2
1,890,0.45,-1.1500000000000001,0.2
1,891,0.45,-1.1500000000000001,0.2
1,892,0.45,-1.1500000000000001,0.2
1,893,0.45,-1.1500000000000001,0.2
1,894,0.45,-1.1500000000000001,0.2
1,895,0.45,-1.1500000000000001,0.2
1,896,0.35000000000000003,-1.1,0.05
1,897,0.35000000000000003,-1.1,0.05
1,898,0.35000000000000003,-1.1,0.05
1,899,0.35000000000000003,-1.1,0.05
1,900,0.35000000000000003,-1.1,0.05
1,901,0.35000000000000003,-1.1,0.05
1,902,0.35000000000000003,-1.1,0.05
1,903,0.35000000000000003,-1.1,0.05
1,904,0.35000000000000003,-1.1,0.05
1,905,0.35000000000000003,-1.1,0.05
1,906,0.35000000000000003,-1.1,0.05
1,907,0.4,-1.1,0.25
1,908,0.4,-1.1,0.25
1,909,0.4,-1.1,0.25
1,910,0.4,-1.1,0.25
1,911,0.4,-1.1,0.25
1,912,0.4,-1.1,0.25
1,913,0.4,-1.1,0.25
1,914,0.4,-1.1,0.25
1,915,0.4,-1.1,0.25
1,916,0.4,-1.1,0.25
1,917,0.30000000000000004,-1.05,0.2
1,918,0.30000000000000004,-1.05,0.2
1,919,0.30000000000000004,-1.05,0.2
1,920,0.30000000000000004,-1.05,0.2
1,921,0.30000000000000004,-1.05,0.2
1,922,0.30000000000000004,-1.05,0.2
1,923,0.30000000000000004,-1.05,0.2
1,924,0.30000000000000004,-1.05,0.2
1,925,0.30000000000000004,-1.05,0.2
1,926,0.30000000000000004,-1.05,0.2
1,927,0.4,-1.05,0.25
1,928,0.4,-1.05,0.25
1,929,0.4,-1.05,0.25
1,930,0.4,-1.05,0.25
1,931,0.4,-1.05,0.25
1,932,0.4,-1.05,0.25
1,933,0.4,-1.05,0.25
1,934,0.4,-1.05,0.25
1,935,0.4,-1.05,0.25
1,936,0.4,-1.05,0.25
1,937,0.30000000000000004,-1.1,0.25
1,938,0.30000000000000004,-1.1,0.25
1,939,0.30000000000000004,-1.1,0.25
1,940,0.30000000000000004,-1.1,0.25
1,941,0.30000000000000004,-1.1,0.25
1,942,0.30000000000000004,-1.1,0.25
1,943,0.30000000000000004,-1.1,0.25
1,944,0.30000000000000004,-1.1,0.25
1,945,0.30000000000000004,-1.1,0.25
1,946,0.30000000000000004,-1.1,0.25
1,947,0.30000000000000004,-1.1,0.25
1,948,0.4,-1.1,0.15000000000000002
1,949,0.4,-1.1,0.15000000000000002
1,950,0.4,-1.1,0.15000000000000002
1,951,0.4,-1.1,0.15000000000000002
1,952,0.4,-1.1,0.15000000000000002
1,953,0.4,-1.1,0.15000000000000002
1,954,0.4,-1.1,0.15000000000000002
1,955,0.4,-1.1,0.15000000000000002
1,956,0.4,-1.1,0.15000000000000002
1,957,0.4,-1.1,0.15000000000000002
1,958,0.35000000000000003,-1.1500000000000001,0.15000000000000002
1,959,0.35000000000000003,-1.1500000000000001,0.15000000000000002
1,960,0.35000000000000003,-1.1500000000000001,0.15000000000000002
1,961,0.35000000000000003,-1.1500000000000001,0.15000000000000002
1,962,0.35000000000000003,-1.1500000000000001,0.15000000000000002
1,963,0.35000000000000003,-1.1500000000000001,0.15000000000000002
1,964,0.35000000000000003,-1.1500000000000001,0.15000000000000002
1,965,0.35000000000000003,-1.1500000000000001,0.15000000000000002
1,966,0.35000000000000003,-1.1500000000000001,0.15000000000000002
1,967,0.35000000000000003,-1.1500000000000001,0.15000000000000002
1,968,0.35000000000000003,-1.1500000000000001,0.15000000000000002
1,969,0.35000000000000003,-1.1500000000000001,0.15000000000000002
1,970,0.35000000000000003,-1.1500000000000001,0.15000000000000002
1,971,0.35000000000000003,-1.1500000000000001,0.15000000000000002
1,972,0.35000000000000003,-1.1500000000000001,0.15000000000000002
1,973,0.35000000000000003,-1.1500000000000001,0.15000000000000002
1,974,0.35000000000000003,-1.1500000000000001,0.15000000000000002
1,975,0.35000000000000003,-1.1500000000000001,0.15000000000000002
1,976,0.35000000000000003,-1.1500000000000001,0.15000000000000002
1,977,0.35000000000000003,-1.1500000000000001,0.15000000000000002
1,978,0.35000000000000003,-1.1500000000000001,0.15000000000000002
1,979,0.30000000000000004,-1.1,0.2
1,980,0.30000000000000004,-1.1,0.2
1,981,0.30000000000000004,-1.1,0.2
1,982,0.30000000000000004,-1.1,0.2
1,983,0.30000000000000004,-1.1,0.2
1,984,0.30000000000000004,-1.1,0.2
1,985,0.30000000000000004,-1.1,0.2
1,986,0.30000000000000004,-1.1,0.2
1,987,0.30000000000000004,-1.1,0.2
1,988,0.30000000000000004,-1.1,0.2
1,989,0.30000000000000004,-1.0,0.25
1,990,0.30000000000000004,-1.0,0.25
1,991,0.30000000000000004,-1.0,0.25
1,992,0.30000000000000004,-1.0,0.25
1,993,0.30000000000000004,-1.0,0.25
1,994,0.30000000000000004,-1.0,0.25
1,995,0.30000000000000004,-1.0,0.25
1,996,0.30000000000000004,-1.0,0.25
1,997,0.30000000000000004,-1.0,0.25
1,998,0.30000000000000004,-1.0,0.25
1,999,0.35000000000000003,-1.1,0.30000000000000004