1,0,7.0,-22.0,6.0
1,1,7.0,-22.0,6.0
1,2,7.0,-22.0,6.0
1,3,7.0,-22.0,6.0
1,4,7.0,-22.0,6.0
1,5,7.0,-22.0,6.0
1,6,7.0,-22.0,6.0
1,7,7.0,-22.0,6.0
1,8,6.0,-20.0,4.0
1,9,6.0,-20.0,4.0
1,10,6.0,-20.0,4.0
1,11,6.0,-20.0,4.0
1,12,6.0,-20.0,4.0
1,13,6.0,-20.0,4.0
1,14,6.0,-20.0,4.0
1,15,6.0,-20.0,4.0
1,16,6.0,-20.0,4.0
1,17,6.0,-20.0,4.0
1,18,6.0,-20.0,4.0
1,19,6.0,-21.0,5.0
1,20,6.0,-21.0,5.0
1,21,6.0,-21.0,5.0
1,22,6.0,-21.0,5.0
1,23,6.0,-21.0,5.0
1,24,6.0,-21.0,5.0
1,25,6.0,-21.0,5.0
1,26,6.0,-21.0,5.0
1,27,6.0,-21.0,5.0
1,28,6.0,-21.0,5.0
1,29,7.0,-22.0,4.0
1,30,7.0,-22.0,4.0
1,31,7.0,-22.0,4.0
1,32,7.0,-22.0,4.0
1,33,7.0,-22.0,4.0
1,34,7.0,-22.0,4.0
1,35,7.0,-22.0,4.0
1,36,7.0,-22.0,4.0
1,37,7.0,-22.0,4.0
1,38,7.0,-22.0,4.0
1,39,8.0,-23.0,5.0
1,40,8.0,-23.0,5.0
1,41,8.0,-23.0,5.0
1,42,8.0,-23.0,5.0
1,43,8.0,-23.0,5.0
1,44,8.0,-23.0,5.0
1,45,8.0,-23.0,5.0
1,46,8.0,-23.0,5.0
1,47,8.0,-23.0,5.0
1,48,8.0,-23.0,5.0
1,49,8.0,-23.0,5.0
1,50,7.0,-21.0,2.0
1,51,7.0,-21.0,2.0
1,52,7.0,-21.0,2.0
1,53,7.0,-21.0,2.0
1,54,7.0,-21.0,2.0
1,55,7.0,-21.0,2.0
1,56,7.0,-21.0,2.0
1,57,7.0,-21.0,2.0
1,58,7.0,-21.0,2.0
1,59,7.0,-21.0,2.0
1,60,7.0,-21.0,3.0
1,61,7.0,-21.0,3.0
1,62,7.0,-21.0,3.0
1,63,7.0,-21.0,3.0
1,64,7.0,-21.0,3.0
1,65,7.0,-21.0,3.0
1,66,7.0,-21.0,3.0
1,67,7.0,-21.0,3.0
1,68,7.0,-21.0,3.0
1,69,7.0,-21.0,3.0
1,70,8.0,-22.0,5.0
1,71,8.0,-22.0,5.0
1,72,8.0,-22.0,5.0
1,73,8.0,-22.0,5.0
1,74,8.0,-22.0,5.0
1,75,8.0,-22.0,5.0
1,76,8.0,-22.0,5.0
1,77,8.0,-22.0,5.0
1,78,8.0,-22.0,5.0
1,79,8.0,-22.0,5.0
1,80,7.0,-21.0,3.0
1,81,7.0,-21.0,3.0
1,82,7.0,-21.0,3.0
1,83,7.0,-21.0,3.0
1,84,7.0,-21.0,3.0
1,85,7.0,-21.0,3.0
1,86,7.0,-21.0,3.0
1,87,7.0,-21.0,3.0
1,88,7.0,-21.0,3.0
1,89,7.0,-21.0,3.0
1,90,7.0,-21.0,3.0
1,91,7.0,-20.0,5.0
1,92,7.0,-20.0,5.0
1,93,7.0,-20.0,5.0
1,94,7.0,-20.0,5.0
1,95,7.0,-20.0,5.0
1,96,7.0,-20.0,5.0
1,97,7.0,-20.0,5.0
1,98,7.0,-20.0,5.0
1,99,7.0,-20.0,5.0
1,100,7.0,-20.0,5.0
1,101,7.0,-21.0,3.0
1,102,7.0,-21.0,3.0
1,103,7.0,-21.0,3.0
1,104,7.0,-21.0,3.0
1,105,7.0,-21.0,3.0
1,106,7.0,-21.0,3.0
1,107,7.0,-21.0,3.0
1,108,7.0,-21.0,3.0
1,109,7.0,-21.0,3.0
1,110,7.0,-21.0,3.0
1,111,7.0,-21.0,4.0
1,112,7.0,-21.0,4.0
1,113,7.0,-21.0,4.0
1,114,7.0,-21.0,4.0
1,115,7.0,-21.0,4.0
1,116,7.0,-21.0,4.0
1,117,7.0,-21.0,4.0
1,118,7.0,-21.0,4.0
1,119,7.0,-21.0,4.0
1,120,7.0,-21.0,4.0
1,121,7.0,-21.0,4.0
1,122,7.0,-21.0,4.0
1,123,7.0,-21.0,4.0
1,124,7.0,-21.0,4.0
1,125,7.0,-21.0,4.0
1,126,7.0,-21.0,4.0
1,127,7.0,-21.0,4.0
1,128,7.0,-21.0,4.0
1,129,7.0,-21.0,4.0
1,130,7.0,-21.0,4.0
1,131,7.0,-21.0,4.0
1,132,8.0,-21.0,5.0
1,133,8.0,-21.0,5.0
1,134,8.0,-21.0,5.0
1,135,8.0,-21.0,5.0
1,136,8.0,-21.0,5.0
1,137,8.0,-21.0,5.0
1,138,8.0,-21.0,5.0
1,139,8.0,-21.0,5.0
1,140,8.0,-21.0,5.0
1,141,8.0,-21.0,5.0
1,142,6.0,-18.0,4.0
1,143,6.0,-18.0,4.0
1,144,6.0,-18.0,4.0
1,145,6.0,-18.0,4.0
1,146,6.0,-18.0,4.0
1,147,6.0,-18.0,4.0
1,148,6.0,-18.0,4.0
1,149,6.0,-18.0,4.0
1,150,6.0,-18.0,4.0
1,151,6.0,-18.0,4.0
1,152,7.0,-21.0,4.0
1,153,7.0,-21.0,4.0
1,154,7.0,-21.0,4.0
1,155,7.0,-21.0,4.0
1,156,7.0,-21.0,4.0
1,157,7.0,-21.0,4.0
1,158,7.0,-21.0,4.0
1,159,7.0,-21.0,4.0
1,160,7.0,-21.0,4.0
1,161,7.0,-21.0,4.0
1,162,7.0,-21.0,4.0
1,163,8.0,-21.0,5.0
1,164,8.0,-21.0,5.0
1,165,8.0,-21.0,5.0
1,166,8.0,-21.0,5.0
1,167,8.0,-21.0,5.0
1,168,8.0,-21.0,5.0
1,169,8.0,-21.0,5.0
1,170,8.0,-21.0,5.0
1,171,8.0,-21.0,5.0
1,172,8.0,-21.0,5.0
1,173,6.0,-22.0,5.0
1,174,6.0,-22.0,5.0
1,175,6.0,-22.0,5.0
1,176,6.0,-22.0,5.0
1,177,6.0,-22.0,5.0
1,178,6.0,-22.0,5.0
1,179,6.0,-22.0,5.0
1,180,6.0,-22.0,5.0
1,181,6.0,-22.0,5.0
1,182,6.0,-22.0,5.0
1,183,7.0,-22.0,5.0
1,184,7.0,-22.0,5.0
1,185,7.0,-22.0,5.0
1,186,7.0,-22.0,5.0
1,187,7.0,-22.0,5.0
1,188,7.0,-22.0,5.0
1,189,7.0,-22.0,5.0
1,190,7.0,-22.0,5.0
1,191,7.0,-22.0,5.0
1,192,7.0,-22.0,5.0
1,193,7.0,-22.0,5.0
1,194,6.0,-21.0,2.0
1,195,6.0,-21.0,2.0
1,196,6.0,-21.0,2.0
1,197,6.0,-21.0,2.0
1,198,6.0,-21.0,2.0
1,199,6.0,-21.0,2.0
1,200,6.0,-21.0,2.0
1,201,6.0,-21.0,2.0
1,202,6.0,-21.0,2.0
1,203,6.0,-21.0,2.0
1,204,6.0,-19.0,4.0
1,205,6.0,-19.0,4.0
1,206,6.0,-19.0,4.0
1,207,6.0,-19.0,4.0
1,208,6.0,-19.0,4.0
1,209,6.0,-19.0,4.0
1,210,6.0,-19.0,4.0
1,211,6.0,-19.0,4.0
1,212,6.0,-19.0,4.0
1,213,6.0,-19.0,4.0
1,214,8.0,-21.0,3.0
1,215,8.0,-21.0,3.0
1,216,8.0,-21.0,3.0
1,217,8.0,-21.0,3.0
1,218,8.0,-21.0,3.0
1,219,8.0,-21.0,3.0
1,220,8.0,-21.0,3.0
1,221,8.0,-21.0,3.0
1,222,8.0,-21.0,3.0
1,223,8.0,-21.0,3.0
1,224,7.0,-21.0,5.0
1,225,7.0,-21.0,5.0
1,226,7.0,-21.0,5.0
1,227,7.0,-21.0,5.0
1,228,7.0,-21.0,5.0
1,229,7.0,-21.0,5.0
1,230,7.0,-21.0,5.0
1,231,7.0,-21.0,5.0
1,232,7.0,-21.0,5.0
1,233,7.0,-21.0,5.0
1,234,7.0,-21.0,5.0
1,235,6.0,-22.0,5.0
1,236,6.0,-22.0,5.0
1,237,6.0,-22.0,5.0
1,238,6.0,-22.0,5.0
1,239,6.0,-22.0,5.0
1,240,6.0,-22.0,5.0
1,241,6.0,-22.0,5.0
1,242,6.0,-22.0,5.0
1,243,6.0,-22.0,5.0
1,244,6.0,-22.0,5.0
1,245,5.0,-21.0,5.0
1,246,5.0,-21.0,5.0
1,247,5.0,-21.0,5.0
1,248,5.0,-21.0,5.0
1,249,5.0,-21.0,5.0
1,250,5.0,-21.0,5.0
1,251,5.0,-21.0,5.0
1,252,5.0,-21.0,5.0
1,253,5.0,-21.0,5.0
1,254,5.0,-21.0,5.0
1,255,7.0,-22.0,5.0
1,256,7.0,-22.0,5.0
1,257,7.0,-22.0,5.0
1,258,7.0,-22.0,5.0
1,259,7.0,-22.0,5.0
1,260,7.0,-22.0,5.0
1,261,7.0,-22.0,5.0
1,262,7.0,-22.0,5.0
1,263,7.0,-22.0,5.0
1,264,7.0,-22.0,5.0
1,265,7.0,-22.0,5.0
1,266,7.0,-20.0,4.0
1,267,7.0,-20.0,4.0
1,268,7.0,-20.0,4.0
1,269,7.0,-20.0,4.0
1,270,7.0,-20.0,4.0
1,271,7.0,-20.0,4.0
1,272,7.0,-20.0,4.0
1,273,7.0,-20.0,4.0
1,274,7.0,-20.0,4.0
1,275,7.0,-20.0,4.0
1,276,5.0,-21.0,3.0
1,277,5.0,-21.0,3.0
1,278,5.0,-21.0,3.0
1,279,5.0,-21.0,3.0
1,280,5.0,-21.0,3.0
1,281,5.0,-21.0,3.0
1,282,5.0,-21.0,3.0
1,283,5.0,-21.0,3.0
1,284,5.0,-21.0,3.0
1,285,5.0,-21.0,3.0
1,286,5.0,-20.0,6.0
1,287,5.0,-20.0,6.0
1,288,5.0,-20.0,6.0
1,289,5.0,-20.0,6.0
1,290,5.0,-20.0,6.0
1,291,5.0,-20.0,6.0
1,292,5.0,-20.0,6.0
1,293,5.0,-20.0,6.0
1,294,5.0,-20.0,6.0
1,295,5.0,-20.0,6.0
1,296,5.0,-20.0,3.0
1,297,5.0,-20.0,3.0
1,298,5.0,-20.0,3.0
1,299,5.0,-20.0,3.0
1,300,5.0,-20.0,3.0
1,301,5.0,-20.0,3.0
1,302,5.0,-20.0,3.0
1,303,5.0,-20.0,3.0
1,304,5.0,-20.0,3.0
1,305,5.0,-20.0,3.0
1,306,5.0,-20.0,3.0
1,307,6.0,-19.0,2.0
1,308,6.0,-19.0,2.0
1,309,6.0,-19.0,2.0
1,310,6.0,-19.0,2.0
1,311,6.0,-19.0,2.0
1,312,6.0,-19.0,2.0
1,313,6.0,-19.0,2.0
1,314,6.0,-19.0,2.0
1,315,6.0,-19.0,2.0
1,316,6.0,-19.0,2.0
1,317,7.0,-21.0,4.0
1,318,7.0,-21.0,4.0
1,319,7.0,-21.0,4.0
1,320,7.0,-21.0,4.0
1,321,7.0,-21.0,4.0
1,322,7.0,-21.0,4.0
1,323,7.0,-21.0,4.0
1,324,7.0,-21.0,4.0
1,325,7.0,-21.0,4.0
1,326,7.0,-21.0,4.0
1,327,6.0,-20.0,3.0
1,328,6.0,-20.0,3.0
1,329,6.0,-20.0,3.0
1,330,6.0,-20.0,3.0
1,331,6.0,-20.0,3.0
1,332,6.0,-20.0,3.0
1,333,6.0,-20.0,3.0
1,334,6.0,-20.0,3.0
1,335,6.0,-20.0,3.0
1,336,6.0,-20.0,3.0
1,337,6.0,-20.0,3.0
1,338,9.0,-21.0,4.0
1,339,9.0,-21.0,4.0
1,340,9.0,-21.0,4.0
1,341,9.0,-21.0,4.0
1,342,9.0,-21.0,4.0
1,343,9.0,-21.0,4.0
1,344,9.0,-21.0,4.0
1,345,9.0,-21.0,4.0
1,346,9.0,-21.0,4.0
1,347,9.0,-21.0,4.0
1,348,6.0,-20.0,5.0
1,349,6.0,-20.0,5.0
1,350,6.0,-20.0,5.0
1,351,6.0,-20.0,5.0
1,352,6.0,-20.0,5.0
1,353,6.0,-20.0,5.0
1,354,6.0,-20.0,5.0
1,355,6.0,-20.0,5.0
1,356,6.0,-20.0,5.0
1,357,6.0,-20.0,5.0
1,358,6.0,-20.0,6.0
1,359,6.0,-20.0,6.0
1,360,6.0,-20.0,6.0
1,361,6.0,-20.0,6.0
1,362,6.0,-20.0,6.0
1,363,6.0,-20.0,6.0
1,364,6.0,-20.0,6.0
1,365,6.0,-20.0,6.0
1,366,6.0,-20.0,6.0
1,367,6.0,-20.0,6.0
1,368,7.0,-21.0,5.0
1,369,7.0,-21.0,5.0
1,370,7.0,-21.0,5.0
1,371,7.0,-21.0,5.0
1,372,7.0,-21.0,5.0
1,373,7.0,-21.0,5.0
1,374,7.0,-21.0,5.0
1,375,7.0,-21.0,5.0
1,376,7.0,-21.0,5.0
1,377,7.0,-21.0,5.0
1,378,7.0,-21.0,5.0
1,379,6.0,-21.0,6.0
1,380,6.0,-21.0,6.0
1,381,6.0,-21.0,6.0
1,382,6.0,-21.0,6.0
1,383,6.0,-21.0,6.0
1,384,6.0,-21.0,6.0
1,385,6.0,-21.0,6.0
1,386,6.0,-21.0,6.0
1,387,6.0,-21.0,6.0
1,388,6.0,-21.0,6.0
1,389,7.0,-21.0,5.0
1,390,7.0,-21.0,5.0
1,391,7.0,-21.0,5.0
1,392,7.0,-21.0,5.0
1,393,7.0,-21.0,5.0
1,394,7.0,-21.0,5.0
1,395,7.0,-21.0,5.0
1,396,7.0,-21.0,5.0
1,397,7.0,-21.0,5.0
1,398,7.0,-21.0,5.0
1,399,8.0,-23.0,5.0
1,400,8.0,-23.0,5.0
1,401,8.0,-23.0,5.0
1,402,8.0,-23.0,5.0
1,403,8.0,-23.0,5.0
1,404,8.0,-23.0,5.0
1,405,8.0,-23.0,5.0
1,406,8.0,-23.0,5.0
1,407,8.0,-23.0,5.0
1,408,8.0,-23.0,5.0
1,409,8.0,-23.0,5.0
1,410,9.0,-21.0,5.0
1,411,9.0,-21.0,5.0
1,412,9.0,-21.0,5.0
1,413,9.0,-21.0,5.0
1,414,9.0,-21.0,5.0
1,415,9.0,-21.0,5.0
1,416,9.0,-21.0,5.0
1,417,9.0,-21.0,5.0
1,418,9.0,-21.0,5.0
1,419,9.0,-21.0,5.0
1,420,8.0,-22.0,4.0
1,421,8.0,-22.0,4.0
1,422,8.0,-22.0,4.0
1,423,8.0,-22.0,4.0
1,424,8.0,-22.0,4.0
1,425,8.0,-22.0,4.0
1,426,8.0,-22.0,4.0
1,427,8.0,-22.0,4.0
1,428,8.0,-22.0,4.0
1,429,8.0,-22.0,4.0
1,430,9.0,-22.0,4.0
1,431,9.0,-22.0,4.0
1,432,9.0,-22.0,4.0
1,433,9.0,-22.0,4.0
1,434,9.0,-22.0,4.0
1,435,9.0,-22.0,4.0
1,436,9.0,-22.0,4.0
1,437,9.0,-22.0,4.0
1,438,9.0,-22.0,4.0
1,439,9.0,-22.0,4.0
1,440,8.0,-22.0,4.0
1,441,8.0,-22.0,4.0
1,442,8.0,-22.0,4.0
1,443,8.0,-22.0,4.0
1,444,8.0,-22.0,4.0
1,445,8.0,-22.0,4.0
1,446,8.0,-22.0,4.0
1,447,8.0,-22.0,4.0
1,448,8.0,-22.0,4.0
1,449,8.0,-22.0,4.0
1,450,8.0,-22.0,4.0
1,451,8.0,-21.0,4.0
1,452,8.0,-21.0,4.0
1,453,8.0,-21.0,4.0
1,454,8.0,-21.0,4.0
1,455,8.0,-21.0,4.0
1,456,8.0,-21.0,4.0
1,457,8.0,-21.0,4.0
1,458,8.0,-21.0,4.0
1,459,8.0,-21.0,4.0
1,460,8.0,-21.0,4.0
1,461,7.0,-19.0,5.0
1,462,7.0,-19.0,5.0
1,463,7.0,-19.0,5.0
1,464,7.0,-19.0,5.0
1,465,7.0,-19.0,5.0
1,466,7.0,-19.0,5.0
1,467,7.0,-19.0,5.0
1,468,7.0,-19.0,5.0
1,469,7.0,-19.0,5.0
1,470,7.0,-19.0,5.0
1,471,7.0,-20.0,3.0
1,472,7.0,-20.0,3.0
1,473,7.0,-20.0,3.0
1,474,7.0,-20.0,3.0
1,475,7.0,-20.0,3.0
1,476,7.0,-20.0,3.0
1,477,7.0,-20.0,3.0
1,478,7.0,-20.0,3.0
1,479,7.0,-20.0,3.0
1,480,7.0,-20.0,3.0
1,481,7.0,-20.0,3.0
1,482,6.0,-19.0,4.0
1,483,6.0,-19.0,4.0
1,484,6.0,-19.0,4.0
1,485,6.0,-19.0,4.0
1,486,6.0,-19.0,4.0
1,487,6.0,-19.0,4.0
1,488,6.0,-19.0,4.0
1,489,6.0,-19.0,4.0
1,490,6.0,-19.0,4.0
1,491,6.0,-19.0,4.0
1,492,8.0,-20.0,4.0
1,493,8.0,-20.0,4.0
1,494,8.0,-20.0,4.0
1,495,8.0,-20.0,4.0
1,496,8.0,-20.0,4.0
1,497,8.0,-20.0,4.0
1,498,8.0,-20.0,4.0
1,499,8.0,-20.0,4.0
1,500,8.0,-20.0,4.0
1,501,8.0,-20.0,4.0
1,502,8.0,-19.0,4.0
1,503,8.0,-19.0,4.0
1,504,8.0,-19.0,4.0
1,505,8.0,-19.0,4.0
1,506,8.0,-19.0,4.0
1,507,8.0,-19.0,4.0
1,508,8.0,-19.0,4.0
1,509,8.0,-19.0,4.0
1,510,8.0,-19.0,4.0
1,511,8.0,-19.0,4.0
1,512,8.0,-19.0,4.0
1,513,8.0,-19.0,4.0
1,514,8.0,-19.0,4.0
1,515,8.0,-19.0,4.0
1,516,8.0,-19.0,4.0
1,517,8.0,-19.0,4.0
1,518,8.0,-19.0,4.0
1,519,8.0,-19.0,4.0
1,520,8.0,-19.0,4.0
1,521,8.0,-19.0,4.0
1,522,8.0,-19.0,4.0
1,523,8.0,-17.0,4.0
1,524,8.0,-17.0,4.0
1,525,8.0,-17.0,4.0
1,526,8.0,-17.0,4.0
1,527,8.0,-17.0,4.0
1,528,8.0,-17.0,4.0
1,529,8.0,-17.0,4.0
1,530,8.0,-17.0,4.0
1,531,8.0,-17.0,4.0
1,532,8.0,-17.0,4.0
1,533,8.0,-20.0,3.0
1,534,8.0,-20.0,3.0
1,535,8.0,-20.0,3.0
1,536,8.0,-20.0,3.0
1,537,8.0,-20.0,3.0
1,538,8.0,-20.0,3.0
1,539,8.0,-20.0,3.0
1,540,8.0,-20.0,3.0
1,541,8.0,-20.0,3.0
1,542,8.0,-20.0,3.0
1,543,9.0,-22.0,4.0
1,544,9.0,-22.0,4.0
1,545,9.0,-22.0,4.0
1,546,9.0,-22.0,4.0
1,547,9.0,-22.0,4.0
1,548,9.0,-22.0,4.0
1,549,9.0,-22.0,4.0
1,550,9.0,-22.0,4.0
1,551,9.0,-22.0,4.0
1,552,9.0,-22.0,4.0
1,553,9.0,-22.0,4.0
1,554,9.0,-23.0,5.0
1,555,9.0,-23.0,5.0
1,556,9.0,-23.0,5.0
1,557,9.0,-23.0,5.0
1,558,9.0,-23.0,5.0
1,559,9.0,-23.0,5.0
1,560,9.0,-23.0,5.0
1,561,9.0,-23.0,5.0
1,562,9.0,-23.0,5.0
1,563,9.0,-23.0,5.0
1,564,10.0,-19.0,5.0
1,565,10.0,-19.0,5.0
1,566,10.0,-19.0,5.0
1,567,10.0,-19.0,5.0
1,568,10.0,-19.0,5.0
1,569,10.0,-19.0,5.0
1,570,10.0,-19.0,5.0
1,571,10.0,-19.0,5.0
1,572,10.0,-19.0,5.0
1,573,10.0,-19.0,5.0
1,574,13.0,-21.0,7.0
1,575,13.0,-21.0,7.0
1,576,13.0,-21.0,7.0
1,577,13.0,-21.0,7.0
1,578,13.0,-21.0,7.0
1,579,13.0,-21.0,7.0
1,580,13.0,-21.0,7.0
1,581,13.0,-21.0,7.0
1,582,13.0,-21.0,7.0
1,583,13.0,-21.0,7.0
1,584,9.0,-21.0,5.0
1,585,9.0,-21.0,5.0
1,586,9.0,-21.0,5.0
1,587,9.0,-21.0,5.0
1,588,9.0,-21.0,5.0
1,589,9.0,-21.0,5.0
1,590,9.0,-21.0,5.0
1,591,9.0,-21.0,5.0
1,592,9.0,-21.0,5.0
1,593,9.0,-21.0,5.0
1,594,9.0,-21.0,5.0
1,595,11.0,-23.0,5.0
1,596,11.0,-23.0,5.0
1,597,11.0,-23.0,5.0
1,598,11.0,-23.0,5.0
1,599,11.0,-23.0,5.0
1,600,11.0,-23.0,5.0
1,601,11.0,-23.0,5.0
1,602,11.0,-23.0,5.0
1,603,11.0,-23.0,5.0
1,604,11.0,-23.0,5.0
1,605,5.0,-34.0,6.0
1,606,5.0,-34.0,6.0
1,607,5.0,-34.0,6.0
1,608,5.0,-34.0,6.0
1,609,5.0,-34.0,6.0
1,610,5.0,-34.0,6.0
1,611,5.0,-34.0,6.0
1,612,5.0,-34.0,6.0
1,613,5.0,-34.0,6.0
1,614,5.0,-34.0,6.0
1,615,24.0,-35.0,12.0
1,616,24.0,-35.0,12.0
1,617,24.0,-35.0,12.0
1,618,24.0,-35.0,12.0
1,619,24.0,-35.0,12.0
1,620,24.0,-35.0,12.0
1,621,24.0,-35.0,12.0
1,622,24.0,-35.0,12.0
1,623,24.0,-35.0,12.0
1,624,24.0,-35.0,12.0
1,625,24.0,-35.0,12.0
1,626,13.0,-28.0,5.0
1,627,13.0,-28.0,5.0
1,628,13.0,-28.0,5.0
1,629,13.0,-28.0,5.0
1,630,13.0,-28.0,5.0
1,631,13.0,-28.0,5.0
1,632,13.0,-28.0,5.0
1,633,13.0,-28.0,5.0
1,634,13.0,-28.0,5.0
1,635,13.0,-28.0,5.0
1,636,21.0,-32.0,9.0
1,637,21.0,-32.0,9.0
1,638,21.0,-32.0,9.0
1,639,21.0,-32.0,9.0
1,640,21.0,-32.0,9.0
1,641,21.0,-32.0,9.0
1,642,21.0,-32.0,9.0
1,643,21.0,-32.0,9.0
1,644,21.0,-32.0,9.0
1,645,21.0,-32.0,9.0
1,646,32.0,-54.0,8.0
1,647,32.0,-54.0,8.0
1,648,32.0,-54.0,8.0
1,649,32.0,-54.0,8.0
1,650,32.0,-54.0,8.0
1,651,32.0,-54.0,8.0
1,652,32.0,-54.0,8.0
1,653,32.0,-54.0,8.0
1,654,32.0,-54.0,8.0
1,655,32.0,-54.0,8.0
1,656,44.0,-66.0,10.0
1,657,44.0,-66.0,10.0
1,658,44.0,-66.0,10.0
1,659,44.0,-66.0,10.0
1,660,44.0,-66.0,10.0
1,661,44.0,-66.0,10.0
1,662,44.0,-66.0,10.0
1,663,44.0,-66.0,10.0
1,664,44.0,-66.0,10.0
1,665,44.0,-66.0,10.0
1,666,44.0,-66.0,10.0
1,667,67.0,-64.0,21.0
1,668,67.0,-64.0,21.0
1,669,67.0,-64.0,21.0
1,670,67.0,-64.0,21.0
1,671,67.0,-64.0,21.0
1,672,67.0,-64.0,21.0
1,673,67.0,-64.0,21.0
1,674,67.0,-64.0,21.0
1,675,67.0,-64.0,21.0
1,676,67.0,-64.0,21.0
1,677,68.0,-108.0,19.0
1,678,68.0,-108.0,19.0
1,679,68.0,-108.0,19.0
1,680,68.0,-108.0,19.0
1,681,68.0,-108.0,19.0
1,682,68.0,-108.0,19.0
1,683,68.0,-108.0,19.0
1,684,68.0,-108.0,19.0
1,685,68.0,-108.0,19.0
1,686,68.0,-108.0,19.0
1,687,124.0,-170.0,74.0
1,688,124.0,-170.0,74.0
1,689,124.0,-170.0,74.0
1,690,124.0,-170.0,74.0
1,691,124.0,-170.0,74.0
1,692,124.0,-170.0,74.0
1,693,124.0,-170.0,74.0
1,694,124.0,-170.0,74.0
1,695,124.0,-170.0,74.0
1,696,124.0,-170.0,74.0
1,697,124.0,-170.0,74.0
1,698,134.0,-123.0,72.0
1,699,134.0,-123.0,72.0
1,700,134.0,-123.0,72.0
1,701,134.0,-123.0,72.0
1,702,134.0,-123.0,72.0
1,703,134.0,-123.0,72.0
1,704,134.0,-123.0,72.0
1,705,134.0,-123.0,72.0
1,706,134.0,-123.0,72.0
1,707,134.0,-123.0,72.0
1,708,123.0,92.0,63.0
1,709,123.0,92.0,63.0
1,710,123.0,92.0,63.0
1,711,123.0,92.0,63.0
1,712,123.0,92.0,63.0
1,713,123.0,92.0,63.0
1,714,123.0,92.0,63.0
1,715,123.0,92.0,63.0
1,716,123.0,92.0,63.0
1,717,123.0,92.0,63.0
1,718,159.0,162.0,98.0
1,719,159.0,162.0,98.0
1,720,159.0,162.0,98.0
1,721,159.0,162.0,98.0
1,722,159.0,162.0,98.0
1,723,159.0,162.0,98.0
1,724,159.0,162.0,98.0
1,725,159.0,162.0,98.0
1,726,159.0,162.0,98.0
1,727,159.0,162.0,98.0
1,728,235.0,123.0,162.0
1,729,235.0,123.0,162.0
1,730,235.0,123.0,162.0
1,731,235.0,123.0,162.0
1,732,235.0,123.0,162.0
1,733,235.0,123.0,162.0
1,734,235.0,123.0,162.0
1,735,235.0,123.0,162.0
1,736,235.0,123.0,162.0
1,737,235.0,123.0,162.0
1,738,235.0,123.0,162.0
1,739,108.0,78.0,100.0
1,740,108.0,78.0,100.0
1,741,108.0,78.0,100.0
1,742,108.0,78.0,100.0
1,743,108.0,78.0,100.0
1,744,108.0,78.0,100.0
1,745,108.0,78.0,100.0
1,746,108.0,78.0,100.0
1,747,108.0,78.0,100.0
1,748,108.0,78.0,100.0
1,749,39.0,28.0,46.0
1,750,39.0,28.0,46.0
1,751,39.0,28.0,46.0
1,752,39.0,28.0,46.0
1,753,39.0,28.0,46.0
1,754,39.0,28.0,46.0
1,755,39.0,28.0,46.0
1,756,39.0,28.0,46.0
1,757,39.0,28.0,46.0
1,758,39.0,28.0,46.0
1,759,21.0,-1.0,30.0
1,760,21.0,-1.0,30.0
1,761,21.0,-1.0,30.0
1,762,21.0,-1.0,30.0
1,763,21.0,-1.0,30.0
1,764,21.0,-1.0,30.0
1,765,21.0,-1.0,30.0
1,766,21.0,-1.0,30.0
1,767,21.0,-1.0,30.0
1,768,21.0,-1.0,30.0
1,769,7.0,-22.0,4.0
1,770,7.0,-22.0,4.0
1,771,7.0,-22.0,4.0
1,772,7.0,-22.0,4.0
1,773,8.0,-22.0,4.0
1,774,8.0,-22.0,4.0
1,775,8.0,-22.0,4.0
1,776,8.0,-22.0,4.0
1,777,8.0,-22.0,4.0
1,778,8.0,-22.0,4.0
1,779,8.0,-22.0,4.0
1,780,8.0,-22.0,4.0
1,781,8.0,-22.0,4.0
1,782,8.0,-22.0,4.0
1,783,5.0,-22.0,2.0
1,784,5.0,-22.0,2.0
1,785,5.0,-22.0,2.0
1,786,5.0,-22.0,2.0
1,787,5.0,-22.0,2.0
1,788,5.0,-22.0,2.0
1,789,5.0,-22.0,2.0
1,790,5.0,-22.0,2.0
1,791,5.0,-22.0,2.0
1,792,5.0,-22.0,2.0
1,793,5.0,-20.0,7.0
1,794,5.0,-20.0,7.0
1,795,5.0,-20.0,7.0
1,796,5.0,-20.0,7.0
1,797,5.0,-20.0,7.0
1,798,5.0,-20.0,7.0
1,799,5.0,-20.0,7.0
1,800,5.0,-20.0,7.0
1,801,5.0,-20.0,7.0
1,802,5.0,-20.0,7.0
1,803,5.0,-20.0,7.0
1,804,6.0,-22.0,4.0
1,805,6.0,-22.0,4.0
1,806,6.0,-22.0,4.0
1,807,6.0,-22.0,4.0
1,808,6.0,-22.0,4.0
1,809,6.0,-22.0,4.0
1,810,6.0,-22.0,4.0
1,811,6.0,-22.0,4.0
1,812,6.0,-22.0,4.0
1,813,6.0,-22.0,4.0
1,814,8.0,-21.0,5.0
1,815,8.0,-21.0,5.0
1,816,8.0,-21.0,5.0
1,817,8.0,-21.0,5.0
1,818,8.0,-21.0,5.0
1,819,8.0,-21.0,5.0
1,820,8.0,-21.0,5.0
1,821,8.0,-21.0,5.0
1,822,8.0,-21.0,5.0
1,823,8.0,-21.0,5.0
1,824,8.0,-23.0,5.0
1,825,8.0,-23.0,5.0
1,826,8.0,-23.0,5.0
1,827,8.0,-23.0,5.0
1,828,8.0,-23.0,5.0
1,829,8.0,-23.0,5.0
1,830,8.0,-23.0,5.0
1,831,8.0,-23.0,5.0
1,832,8.0,-23.0,5.0
1,833,8.0,-23.0,5.0
1,834,8.0,-23.0,5.0
1,835,8.0,-21.0,5.0
1,836,8.0,-21.0,5.0
1,837,8.0,-21.0,5.0
1,838,8.0,-21.0,5.0
1,839,8.0,-21.0,5.0
1,840,8.0,-21.0,5.0
1,841,8.0,-21.0,5.0
1,842,8.0,-21.0,5.0
1,843,8.0,-21.0,5.0
1,844,8.0,-21.0,5.0
1,845,6.0,-19.0,5.0
1,846,6.0,-19.0,5.0
1,847,6.0,-19.0,5.0
1,848,6.0,-19.0,5.0
1,849,6.0,-19.0,5.0
1,850,6.0,-19.0,5.0
1,851,6.0,-19.0,5.0
1,852,6.0,-19.0,5.0
1,853,6.0,-19.0,5.0
1,854,6.0,-19.0,5.0
1,855,6.0,-21.0,5.0
1,856,6.0,-21.0,5.0
1,857,6.0,-21.0,5.0
1,858,6.0,-21.0,5.0
1,859,6.0,-21.0,5.0
1,860,6.0,-21.0,5.0
1,861,6.0,-21.0,5.0
1,862,6.0,-21.0,5.0
1,863,6.0,-21.0,5.0
1,864,6.0,-21.0,5.0
1,865,8.0,-22.0,4.0
1,866,8.0,-22.0,4.0
1,867,8.0,-22.0,4.0
1,868,8.0,-22.0,4.0
1,869,8.0,-22.0,4.0
1,870,8.0,-22.0,4.0
1,871,8.0,-22.0,4.0
1,872,8.0,-22.0,4.0
1,873,8.0,-22.0,4.0
1,874,8.0,-22.0,4.0
1,875,8.0,-22.0,4.0
1,876,7.0,-22.0,3.0
1,877,7.0,-22.0,3.0
1,878,7.0,-22.0,3.0
1,879,7.0,-22.0,3.0
1,880,7.0,-22.0,3.0
1,881,7.0,-22.0,3.0
1,882,7.0,-22.0,3.0
1,883,7.0,-22.0,3.0
1,884,7.0,-22.0,3.0
1,885,7.0,-22.0,3.0
1,886,9.0,-23.0,4.0
1,887,9.0,-23.0,4.0
1,888,9.0,-23.0,4.0
1,889,9.0,-23.0,4.0
1,890,9.0,-23.0,4.0
1,891,9.0,-23.0,4.0
1,892,9.0,-23.0,4.0
1,893,9.0,-23.0,4.0
1,894,9.0,-23.0,4.0
1,895,9.0,-23.0,4.0
1,896,7.0,-22.0,1.0
1,897,7.0,-22.0,1.0
1,898,7.0,-22.0,1.0
1,899,7.0,-22.0,1.0
1,900,7.0,-22.0,1.0
1,901,7.0,-22.0,1.0
1,902,7.0,-22.0,1.0
1,903,7.0,-22.0,1.0
1,904,7.0,-22.0,1.0
1,905,7.0,-22.0,1.0
1,906,7.0,-22.0,1.0
1,907,8.0,-22.0,5.0
1,908,8.0,-22.0,5.0
1,909,8.0,-22.0,5.0
1,910,8.0,-22.0,5.0
1,911,8.0,-22.0,5.0
1,912,8.0,-22.0,5.0
1,913,8.0,-22.0,5.0
1,914,8.0,-22.0,5.0
1,915,8.0,-22.0,5.0
1,916,8.0,-22.0,5.0
1,917,6.0,-21.0,4.0
1,918,6.0,-21.0,4.0
1,919,6.0,-21.0,4.0
1,920,6.0,-21.0,4.0
1,921,6.0,-21.0,4.0
1,922,6.0,-21.0,4.0
1,923,6.0,-21.0,4.0
1,924,6.0,-21.0,4.0
1,925,6.0,-21.0,4.0
1,926,6.0,-21.0,4.0
1,927,8.0,-21.0,5.0
1,928,8.0,-21.0,5.0
1,929,8.0,-21.0,5.0
1,930,8.0,-21.0,5.0
1,931,8.0,-21.0,5.0
1,932,8.0,-21.0,5.0
1,933,8.0,-21.0,5.0
1,934,8.0,-21.0,5.0
1,935,8.0,-21.0,5.0
1,936,8.0,-21.0,5.0
1,937,6.0,-22.0,5.0
1,938,6.0,-22.0,5.0
1,939,6.0,-22.0,5.0
1,940,6.0,-22.0,5.0
1,941,6.0,-22.0,5.0
1,942,6.0,-22.0,5.0
1,943,6.0,-22.0,5.0
1,944,6.0,-22.0,5.0
1,945,6.0,-22.0,5.0
1,946,6.0,-22.0,5.0
1,947,6.0,-22.0,5.0
1,948,8.0,-22.0,3.0
1,949,8.0,-22.0,3.0
1,950,8.0,-22.0,3.0
1,951,8.0,-22.0,3.0
1,952,8.0,-22.0,3.0
1,953,8.0,-22.0,3.0
1,954,8.0,-22.0,3.0
1,955,8.0,-22.0,3.0
1,956,8.0,-22.0,3.0
1,957,8.0,-22.0,3.0
1,958,7.0,-23.0,3.0
1,959,7.0,-23.0,3.0
1,960,7.0,-23.0,3.0
1,961,7.0,-23.0,3.0
1,962,7.0,-23.0,3.0
1,963,7.0,-23.0,3.0
1,964,7.0,-23.0,3.0
1,965,7.0,-23.0,3.0
1,966,7.0,-23.0,3.0
1,967,7.0,-23.0,3.0
1,968,7.0,-23.0,3.0
1,969,7.0,-23.0,3.0
1,970,7.0,-23.0,3.0
1,971,7.0,-23.0,3.0
1,972,7.0,-23.0,3.0
1,973,7.0,-23.0,3.0
1,974,7.0,-23.0,3.0
1,975,7.0,-23.0,3.0
1,976,7.0,-23.0,3.0
1,977,7.0,-23.0,3.0
1,978,7.0,-23.0,3.0
1,979,6.0,-22.0,4.0
1,980,6.0,-22.0,4.0
1,981,6.0,-22.0,4.0
1,982,6.0,-22.0,4.0
1,983,6.0,-22.0,4.0
1,984,6.0,-22.0,4.0
1,985,6.0,-22.0,4.0
1,986,6.0,-22.0,4.0
1,987,6.0,-22.0,4.0
1,988,6.0,-22.0,4.0
1,989,6.0,-20.0,5.0
1,990,6.0,-20.0,5.0
1,991,6.0,-20.0,5.0
1,992,6.0,-20.0,5.0
1,993,6.0,-20.0,5.0
1,994,6.0,-20.0,5.0
1,995,6.0,-20.0,5.0
1,996,6.0,-20.0,5.0
1,997,6.0,-20.0,5.0
1,998,6.0,-20.0,5.0
1,999,7.0,-22.0,6.0
2,0,7.0,-22.0,6.0
2,1,7.0,-22.0,6.0
2,2,7.0,-22.0,6.0
2,3,7.0,-22.0,6.0
2,4,7.0,-22.0,6.0
2,5,7.0,-22.0,6.0
2,6,7.0,-22.0,6.0
2,7,7.0,-22.0,6.0
2,8,6.0,-20.0,4.0
2,9,6.0,-20.0,4.0
2,10,6.0,-20.0,4.0
2,11,6.0,-20.0,4.0
2,12,6.0,-20.0,4.0
2,13,6.0,-20.0,4.0
2,14,6.0,-20.0,4.0
2,15,6.0,-20.0,4.0
2,16,6.0,-20.0,4.0
2,17,6.0,-20.0,4.0
2,18,6.0,-20.0,4.0
2,19,6.0,-21.0,5.0
2,20,6.0,-21.0,5.0
2,21,6.0,-21.0,5.0
2,22,6.0,-21.0,5.0
2,23,6.0,-21.0,5.0
2,24,6.0,-21.0,5.0
2,25,6.0,-21.0,5.0
2,26,6.0,-21.0,5.0
2,27,6.0,-21.0,5.0
2,28,6.0,-21.0,5.0
2,29,7.0,-22.0,4.0
2,30,7.0,-22.0,4.0
2,31,7.0,-22.0,4.0
2,32,7.0,-22.0,4.0
2,33,7.0,-22.0,4.0
2,34,7.0,-22.0,4.0
2,35,7.0,-22.0,4.0
2,36,7.0,-22.0,4.0
2,37,7.0,-22.0,4.0
2,38,7.0,-22.0,4.0
2,39,8.0,-23.0,5.0
2,40,8.0,-23.0,5.0
2,41,8.0,-23.0,5.0
2,42,8.0,-23.0,5.0
2,43,8.0,-23.0,5.0
2,44,8.0,-23.0,5.0
2,45,8.0,-23.0,5.0
2,46,8.0,-23.0,5.0
2,47,8.0,-23.0,5.0
2,48,8.0,-23.0,5.0
2,49,8.0,-23.0,5.0
2,50,7.0,-21.0,2.0
2,51,7.0,-21.0,2.0
2,52,7.0,-21.0,2.0
2,53,7.0,-21.0,2.0
2,54,7.0,-21.0,2.0
2,55,7.0,-21.0,2.0
2,56,7.0,-21.0,2.0
2,57,7.0,-21.0,2.0
2,58,7.0,-21.0,2.0
2,59,7.0,-21.0,2.0
2,60,7.0,-21.0,3.0
2,61,7.0,-21.0,3.0
2,62,7.0,-21.0,3.0
2,63,7.0,-21.0,3.0
2,64,7.0,-21.0,3.0
2,65,7.0,-21.0,3.0
2,66,7.0,-21.0,3.0
2,67,7.0,-21.0,3.0
2,68,7.0,-21.0,3.0
2,69,7.0,-21.0,3.0
2,70,8.0,-22.0,5.0
2,71,8.0,-22.0,5.0
2,72,8.0,-22.0,5.0
2,73,8.0,-22.0,5.0
2,74,8.0,-22.0,5.0
2,75,8.0,-22.0,5.0
2,76,8.0,-22.0,5.0
2,77,8.0,-22.0,5.0
2,78,8.0,-22.0,5.0
2,79,8.0,-22.0,5.0
2,80,7.0,-21.0,3.0
2,81,7.0,-21.0,3.0
2,82,7.0,-21.0,3.0
2,83,7.0,-21.0,3.0
2,84,7.0,-21.0,3.0
2,85,7.0,-21.0,3.0
2,86,7.0,-21.0,3.0
2,87,7.0,-21.0,3.0
2,88,7.0,-21.0,3.0
2,89,7.0,-21.0,3.0
2,90,7.0,-21.0,3.0
2,91,7.0,-20.0,5.0
2,92,7.0,-20.0,5.0
2,93,7.0,-20.0,5.0
2,94,7.0,-20.0,5.0
2,95,7.0,-20.0,5.0
2,96,7.0,-20.0,5.0
2,97,7.0,-20.0,5.0
2,98,7.0,-20.0,5.0
2,99,7.0,-20.0,5.0
2,100,7.0,-20.0,5.0
2,101,7.0,-21.0,3.0
2,102,7.0,-21.0,3.0
2,103,7.0,-21.0,3.0
2,104,7.0,-21.0,3.0
2,105,7.0,-21.0,3.0
2,106,7.0,-21.0,3.0
2,107,7.0,-21.0,3.0
2,108,7.0,-21.0,3.0
2,109,7.0,-21.0,3.0
2,110,7.0,-21.0,3.0
2,111,7.0,-21.0,4.0
2,112,7.0,-21.0,4.0
2,113,7.0,-21.0,4.0
2,114,7.0,-21.0,4.0
2,115,7.0,-21.0,4.0
2,116,7.0,-21.0,4.0
2,117,7.0,-21.0,4.0
2,118,7.0,-21.0,4.0
2,119,7.0,-21.0,4.0
2,120,7.0,-21.0,4.0
2,121,7.0,-21.0,4.0
2,122,7.0,-21.0,4.0
2,123,7.0,-21.0,4.0
2,124,7.0,-21.0,4.0
2,125,7.0,-21.0,4.0
2,126,7.0,-21.0,4.0
2,127,7.0,-21.0,4.0
2,128,7.0,-21.0,4.0
2,129,7.0,-21.0,4.0
2,130,7.0,-21.0,4.0
2,131,7.0,-21.0,4.0
2,132,8.0,-21.0,5.0
2,133,8.0,-21.0,5.0
2,134,8.0,-21.0,5.0
2,135,8.0,-21.0,5.0
2,136,8.0,-21.0,5.0
2,137,8.0,-21.0,5.0
2,138,8.0,-21.0,5.0
2,139,8.0,-21.0,5.0
2,140,8.0,-21.0,5.0
2,141,8.0,-21.0,5.0
2,142,6.0,-18.0,4.0
2,143,6.0,-18.0,4.0
2,144,6.0,-18.0,4.0
2,145,6.0,-18.0,4.0
2,146,6.0,-18.0,4.0
2,147,6.0,-18.0,4.0
2,148,6.0,-18.0,4.0
2,149,6.0,-18.0,4.0
2,150,6.0,-18.0,4.0
2,151,6.0,-18.0,4.0
2,152,7.0,-21.0,4.0
2,153,7.0,-21.0,4.0
2,154,7.0,-21.0,4.0
2,155,7.0,-21.0,4.0
2,156,7.0,-21.0,4.0
2,157,7.0,-21.0,4.0
2,158,7.0,-21.0,4.0
2,159,7.0,-21.0,4.0
2,160,7.0,-21.0,4.0
2,161,7.0,-21.0,4.0
2,162,7.0,-21.0,4.0
2,163,8.0,-21.0,5.0
2,164,8.0,-21.0,5.0
2,165,8.0,-21.0,5.0
2,166,8.0,-21.0,5.0
2,167,8.0,-21.0,5.0
2,168,8.0,-21.0,5.0
2,169,8.0,-21.0,5.0
2,170,8.0,-21.0,5.0
2,171,8.0,-21.0,5.0
2,172,8.0,-21.0,5.0
2,173,6.0,-22.0,5.0
2,174,6.0,-22.0,5.0
2,175,6.0,-22.0,5.0
2,176,6.0,-22.0,5.0
2,177,6.0,-22.0,5.0
2,178,6.0,-22.0,5.0
2,179,6.0,-22.0,5.0
2,180,6.0,-22.0,5.0
2,181,6.0,-22.0,5.0
2,182,6.0,-22.0,5.0
2,183,7.0,-22.0,5.0
2,184,7.0,-22.0,5.0
2,185,7.0,-22.0,5.0
2,186,7.0,-22.0,5.0
2,187,7.0,-22.0,5.0
2,188,7.0,-22.0,5.0
2,189,7.0,-22.0,5.0
2,190,7.0,-22.0,5.0
2,191,7.0,-22.0,5.0
2,192,7.0,-22.0,5.0
2,193,7.0,-22.0,5.0
2,194,6.0,-21.0,2.0
2,195,6.0,-21.0,2.0
2,196,6.0,-21.0,2.0
2,197,6.0,-21.0,2.0
2,198,6.0,-21.0,2.0
2,199,6.0,-21.0,2.0
2,200,6.0,-21.0,2.0
2,201,6.0,-21.0,2.0
2,202,6.0,-21.0,2.0
2,203,6.0,-21.0,2.0
2,204,6.0,-19.0,4.0
2,205,6.0,-19.0,4.0
2,206,6.0,-19.0,4.0
2,207,6.0,-19.0,4.0
2,208,6.0,-19.0,4.0
2,209,6.0,-19.0,4.0
2,210,6.0,-19.0,4.0
2,211,6.0,-19.0,4.0
2,212,6.0,-19.0,4.0
2,213,6.0,-19.0,4.0
2,214,8.0,-21.0,3.0
2,215,8.0,-21.0,3.0
2,216,8.0,-21.0,3.0
2,217,8.0,-21.0,3.0
2,218,8.0,-21.0,3.0
2,219,8.0,-21.0,3.0
2,220,8.0,-21.0,3.0
2,221,8.0,-21.0,3.0
2,222,8.0,-21.0,3.0
2,223,8.0,-21.0,3.0
2,224,7.0,-21.0,5.0
2,225,7.0,-21.0,5.0
2,226,7.0,-21.0,5.0
2,227,7.0,-21.0,5.0
2,228,7.0,-21.0,5.0
2,229,7.0,-21.0,5.0
2,230,7.0,-21.0,5.0
2,231,7.0,-21.0,5.0
2,232,7.0,-21.0,5.0
2,233,7.0,-21.0,5.0
2,234,7.0,-21.0,5.0
2,235,6.0,-22.0,5.0
2,236,6.0,-22.0,5.0
2,237,6.0,-22.0,5.0
2,238,6.0,-22.0,5.0
2,239,6.0,-22.0,5.0
2,240,6.0,-22.0,5.0
2,241,6.0,-22.0,5.0
2,242,6.0,-22.0,5.0
2,243,6.0,-22.0,5.0
2,244,6.0,-22.0,5.0
2,245,5.0,-21.0,5.0
2,246,5.0,-21.0,5.0
2,247,5.0,-21.0,5.0
2,248,5.0,-21.0,5.0
2,249,5.0,-21.0,5.0
2,250,5.0,-21.0,5.0
2,251,5.0,-21.0,5.0
2,252,5.0,-21.0,5.0
2,253,5.0,-21.0,5.0
2,254,5.0,-21.0,5.0
2,255,7.0,-22.0,5.0
2,256,7.0,-22.0,5.0
2,257,7.0,-22.0,5.0
2,258,7.0,-22.0,5.0
2,259,7.0,-22.0,5.0
2,260,7.0,-22.0,5.0
2,261,7.0,-22.0,5.0
2,262,7.0,-22.0,5.0
2,263,7.0,-22.0,5.0
2,264,7.0,-22.0,5.0
2,265,7.0,-22.0,5.0
2,266,7.0,-20.0,4.0
2,267,7.0,-20.0,4.0
2,268,7.0,-20.0,4.0
2,269,7.0,-20.0,4.0
2,270,7.0,-20.0,4.0
2,271,7.0,-20.0,4.0
2,272,7.0,-20.0,4.0
2,273,7.0,-20.0,4.0
2,274,7.0,-20.0,4.0
2,275,7.0,-20.0,4.0
2,276,5.0,-21.0,3.0
2,277,5.0,-21.0,3.0
2,278,5.0,-21.0,3.0
2,279,5.0,-21.0,3.0
2,280,5.0,-21.0,3.0
2,281,5.0,-21.0,3.0
2,282,5.0,-21.0,3.0
2,283,5.0,-21.0,3.0
2,284,5.0,-21.0,3.0
2,285,5.0,-21.0,3.0
2,286,5.0,-20.0,6.0
2,287,5.0,-20.0,6.0
2,288,5.0,-20.0,6.0
2,289,5.0,-20.0,6.0
2,290,5.0,-20.0,6.0
2,291,5.0,-20.0,6.0
2,292,5.0,-20.0,6.0
2,293,5.0,-20.0,6.0
2,294,5.0,-20.0,6.0
2,295,5.0,-20.0,6.0
2,296,5.0,-20.0,3.0
2,297,5.0,-20.0,3.0
2,298,5.0,-20.0,3.0
2,299,5.0,-20.0,3.0
2,300,5.0,-20.0,3.0
2,301,5.0,-20.0,3.0
2,302,5.0,-20.0,3.0
2,303,5.0,-20.0,3.0
2,304,5.0,-20.0,3.0
2,305,5.0,-20.0,3.0
2,306,5.0,-20.0,3.0
2,307,6.0,-19.0,2.0
2,308,6.0,-19.0,2.0
2,309,6.0,-19.0,2.0
2,310,6.0,-19.0,2.0
2,311,6.0,-19.0,2.0
2,312,6.0,-19.0,2.0
2,313,6.0,-19.0,2.0
2,314,6.0,-19.0,2.0
2,315,6.0,-19.0,2.0
2,316,6.0,-19.0,2.0
2,317,7.0,-21.0,4.0
2,318,7.0,-21.0,4.0
2,319,7.0,-21.0,4.0
2,320,7.0,-21.0,4.0
2,321,7.0,-21.0,4.0
2,322,7.0,-21.0,4.0
2,323,7.0,-21.0,4.0
2,324,7.0,-21.0,4.0
2,325,7.0,-21.0,4.0
2,326,7.0,-21.0,4.0
2,327,6.0,-20.0,3.0
2,328,6.0,-20.0,3.0
2,329,6.0,-20.0,3.0
2,330,6.0,-20.0,3.0
2,331,6.0,-20.0,3.0
2,332,6.0,-20.0,3.0
2,333,6.0,-20.0,3.0
2,334,6.0,-20.0,3.0
2,335,6.0,-20.0,3.0
2,336,6.0,-20.0,3.0
2,337,6.0,-20.0,3.0
2,338,9.0,-21.0,4.0
2,339,9.0,-21.0,4.0
2,340,9.0,-21.0,4.0
2,341,9.0,-21.0,4.0
2,342,9.0,-21.0,4.0
2,343,9.0,-21.0,4.0
2,344,9.0,-21.0,4.0
2,345,9.0,-21.0,4.0
2,346,9.0,-21.0,4.0
2,347,9.0,-21.0,4.0
2,348,6.0,-20.0,5.0
2,349,6.0,-20.0,5.0
2,350,6.0,-20.0,5.0
2,351,6.0,-20.0,5.0
2,352,6.0,-20.0,5.0
2,353,6.0,-20.0,5.0
2,354,6.0,-20.0,5.0
2,355,6.0,-20.0,5.0
2,356,6.0,-20.0,5.0
2,357,6.0,-20.0,5.0
2,358,6.0,-20.0,6.0
2,359,6.0,-20.0,6.0
2,360,6.0,-20.0,6.0
2,361,6.0,-20.0,6.0
2,362,6.0,-20.0,6.0
2,363,6.0,-20.0,6.0
2,364,6.0,-20.0,6.0
2,365,6.0,-20.0,6.0
2,366,6.0,-20.0,6.0
2,367,6.0,-20.0,6.0
2,368,7.0,-21.0,5.0
2,369,7.0,-21.0,5.0
2,370,7.0,-21.0,5.0
2,371,7.0,-21.0,5.0
2,372,7.0,-21.0,5.0
2,373,7.0,-21.0,5.0
2,374,7.0,-21.0,5.0
2,375,7.0,-21.0,5.0
2,376,7.0,-21.0,5.0
2,377,7.0,-21.0,5.0
2,378,7.0,-21.0,5.0
2,379,6.0,-21.0,6.0
2,380,6.0,-21.0,6.0
2,381,6.0,-21.0,6.0
2,382,6.0,-21.0,6.0
2,383,6.0,-21.0,6.0
2,384,6.0,-21.0,6.0
2,385,6.0,-21.0,6.0
2,386,6.0,-21.0,6.0
2,387,6.0,-21.0,6.0
2,388,6.0,-21.0,6.0
2,389,7.0,-21.0,5.0
2,390,7.0,-21.0,5.0
2,391,7.0,-21.0,5.0
2,392,7.0,-21.0,5.0
2,393,7.0,-21.0,5.0
2,394,7.0,-21.0,5.0
2,395,7.0,-21.0,5.0
2,396,7.0,-21.0,5.0
2,397,7.0,-21.0,5.0
2,398,7.0,-21.0,5.0
2,399,8.0,-23.0,5.0
2,400,8.0,-23.0,5.0
2,401,8.0,-23.0,5.0
2,402,8.0,-23.0,5.0
2,403,8.0,-23.0,5.0
2,404,8.0,-23.0,5.0
2,405,8.0,-23.0,5.0
2,406,8.0,-23.0,5.0
2,407,8.0,-23.0,5.0
2,408,8.0,-23.0,5.0
2,409,8.0,-23.0,5.0
2,410,9.0,-21.0,5.0
2,411,9.0,-21.0,5.0
2,412,9.0,-21.0,5.0
2,413,9.0,-21.0,5.0
2,414,9.0,-21.0,5.0
2,415,9.0,-21.0,5.0
2,416,9.0,-21.0,5.0
2,417,9.0,-21.0,5.0
2,418,9.0,-21.0,5.0
2,419,9.0,-21.0,5.0
2,420,8.0,-22.0,4.0
2,421,8.0,-22.0,4.0
2,422,8.0,-22.0,4.0
2,423,8.0,-22.0,4.0
2,424,8.0,-22.0,4.0
2,425,8.0,-22.0,4.0
2,426,8.0,-22.0,4.0
2,427,8.0,-22.0,4.0
2,428,8.0,-22.0,4.0
2,429,8.0,-22.0,4.0
2,430,9.0,-22.0,4.0
2,431,9.0,-22.0,4.0
2,432,9.0,-22.0,4.0
2,433,9.0,-22.0,4.0
2,434,9.0,-22.0,4.0
2,435,9.0,-22.0,4.0
2,436,9.0,-22.0,4.0
2,437,9.0,-22.0,4.0
2,438,9.0,-22.0,4.0
2,439,9.0,-22.0,4.0
2,440,8.0,-22.0,4.0
2,441,8.0,-22.0,4.0
2,442,8.0,-22.0,4.0
2,443,8.0,-22.0,4.0
2,444,8.0,-22.0,4.0
2,445,8.0,-22.0,4.0
2,446,8.0,-22.0,4.0
2,447,8.0,-22.0,4.0
2,448,8.0,-22.0,4.0
2,449,8.0,-22.0,4.0
2,450,8.0,-22.0,4.0
2,451,8.0,-21.0,4.0
2,452,8.0,-21.0,4.0
2,453,8.0,-21.0,4.0
2,454,8.0,-21.0,4.0
2,455,8.0,-21.0,4.0
2,456,8.0,-21.0,4.0
2,457,8.0,-21.0,4.0
2,458,8.0,-21.0,4.0
2,459,8.0,-21.0,4.0
2,460,8.0,-21.0,4.0
2,461,7.0,-19.0,5.0
2,462,7.0,-19.0,5.0
2,463,7.0,-19.0,5.0
2,464,7.0,-19.0,5.0
2,465,7.0,-19.0,5.0
2,466,7.0,-19.0,5.0
2,467,7.0,-19.0,5.0
2,468,7.0,-19.0,5.0
2,469,7.0,-19.0,5.0
2,470,7.0,-19.0,5.0
2,471,7.0,-20.0,3.0
2,472,7.0,-20.0,3.0
2,473,7.0,-20.0,3.0
2,474,7.0,-20.0,3.0
2,475,7.0,-20.0,3.0
2,476,7.0,-20.0,3.0
2,477,7.0,-20.0,3.0
2,478,7.0,-20.0,3.0
2,479,7.0,-20.0,3.0
2,480,7.0,-20.0,3.0
2,481,7.0,-20.0,3.0
2,482,6.0,-19.0,4.0
2,483,6.0,-19.0,4.0
2,484,6.0,-19.0,4.0
2,485,6.0,-19.0,4.0
2,486,6.0,-19.0,4.0
2,487,6.0,-19.0,4.0
2,488,6.0,-19.0,4.0
2,489,6.0,-19.0,4.0
2,490,6.0,-19.0,4.0
2,491,6.0,-19.0,4.0
2,492,8.0,-20.0,4.0
2,493,8.0,-20.0,4.0
2,494,8.0,-20.0,4.0
2,495,8.0,-20.0,4.0
2,496,8.0,-20.0,4.0
2,497,8.0,-20.0,4.0
2,498,8.0,-20.0,4.0
2,499,8.0,-20.0,4.0
2,500,8.0,-20.0,4.0
2,501,8.0,-20.0,4.0
2,502,8.0,-19.0,4.0
2,503,8.0,-19.0,4.0
2,504,8.0,-19.0,4.0
2,505,8.0,-19.0,4.0
2,506,8.0,-19.0,4.0
2,507,8.0,-19.0,4.0
2,508,8.0,-19.0,4.0
2,509,8.0,-19.0,4.0
2,510,8.0,-19.0,4.0
2,511,8.0,-19.0,4.0
2,512,8.0,-19.0,4.0
2,513,8.0,-19.0,4.0
2,514,8.0,-19.0,4.0
2,515,8.0,-19.0,4.0
2,516,8.0,-19.0,4.0
2,517,8.0,-19.0,4.0
2,518,8.0,-19.0,4.0
2,519,8.0,-19.0,4.0
2,520,8.0,-19.0,4.0
2,521,8.0,-19.0,4.0
2,522,8.0,-19.0,4.0
2,523,8.0,-17.0,4.0
2,524,8.0,-17.0,4.0
2,525,8.0,-17.0,4.0
2,526,8.0,-17.0,4.0
2,527,8.0,-17.0,4.0
2,528,8.0,-17.0,4.0
2,529,8.0,-17.0,4.0
2,530,8.0,-17.0,4.0
2,531,8.0,-17.0,4.0
2,532,8.0,-17.0,4.0
2,533,8.0,-20.0,3.0
2,534,8.0,-20.0,3.0
2,535,8.0,-20.0,3.0
2,536,8.0,-20.0,3.0
2,537,8.0,-20.0,3.0
2,538,8.0,-20.0,3.0
2,539,8.0,-20.0,3.0
2,540,8.0,-20.0,3.0
2,541,8.0,-20.0,3.0
2,542,8.0,-20.0,3.0
2,543,9.0,-22.0,4.0
2,544,9.0,-22.0,4.0
2,545,9.0,-22.0,4.0
2,546,9.0,-22.0,4.0
2,547,9.0,-22.0,4.0
2,548,9.0,-22.0,4.0
2,549,9.0,-22.0,4.0
2,550,9.0,-22.0,4.0
2,551,9.0,-22.0,4.0
2,552,9.0,-22.0,4.0
2,553,9.0,-22.0,4.0
2,554,9.0,-23.0,5.0
2,555,9.0,-23.0,5.0
2,556,9.0,-23.0,5.0
2,557,9.0,-23.0,5.0
2,558,9.0,-23.0,5.0
2,559,9.0,-23.0,5.0
2,560,9.0,-23.0,5.0
2,561,9.0,-23.0,5.0
2,562,9.0,-23.0,5.0
2,563,9.0,-23.0,5.0
2,564,10.0,-19.0,5.0
2,565,10.0,-19.0,5.0
2,566,10.0,-19.0,5.0
2,567,10.0,-19.0,5.0
2,568,10.0,-19.0,5.0
2,569,10.0,-19.0,5.0
2,570,10.0,-19.0,5.0
2,571,10.0,-19.0,5.0
2,572,10.0,-19.0,5.0
2,573,10.0,-19.0,5.0
2,574,13.0,-21.0,7.0
2,575,13.0,-21.0,7.0
2,576,13.0,-21.0,7.0
2,577,13.0,-21.0,7.0
2,578,13.0,-21.0,7.0
2,579,13.0,-21.0,7.0
2,580,13.0,-21.0,7.0
2,581,13.0,-21.0,7.0
2,582,13.0,-21.0,7.0
2,583,13.0,-21.0,7.0
2,584,9.0,-21.0,5.0
2,585,9.0,-21.0,5.0
2,586,9.0,-21.0,5.0
2,587,9.0,-21.0,5.0
2,588,9.0,-21.0,5.0
2,589,9.0,-21.0,5.0
2,590,9.0,-21.0,5.0
2,591,9.0,-21.0,5.0
2,592,9.0,-21.0,5.0
2,593,9.0,-21.0,5.0
2,594,9.0,-21.0,5.0
2,595,11.0,-23.0,5.0
2,596,11.0,-23.0,5.0
2,597,11.0,-23.0,5.0
2,598,11.0,-23.0,5.0
2,599,11.0,-23.0,5.0
2,600,11.0,-23.0,5.0
2,601,11.0,-23.0,5.0
2,602,11.0,-23.0,5.0
2,603,11.0,-23.0,5.0
2,604,11.0,-23.0,5.0
2,605,5.0,-34.0,6.0
2,606,5.0,-34.0,6.0
2,607,5.0,-34.0,6.0
2,608,5.0,-34.0,6.0
2,609,5.0,-34.0,6.0
2,610,5.0,-34.0,6.0
2,611,5.0,-34.0,6.0
2,612,5.0,-34.0,6.0
2,613,5.0,-34.0,6.0
2,614,5.0,-34.0,6.0
2,615,24.0,-35.0,12.0
2,616,24.0,-35.0,12.0
2,617,24.0,-35.0,12.0
2,618,24.0,-35.0,12.0
2,619,24.0,-35.0,12.0
2,620,24.0,-35.0,12.0
2,621,24.0,-35.0,12.0
2,622,24.0,-35.0,12.0
2,623,24.0,-35.0,12.0
2,624,24.0,-35.0,12.0
2,625,24.0,-35.0,12.0
2,626,13.0,-28.0,5.0
2,627,13.0,-28.0,5.0
2,628,13.0,-28.0,5.0
2,629,13.0,-28.0,5.0
2,630,13.0,-28.0,5.0
2,631,13.0,-28.0,5.0
2,632,13.0,-28.0,5.0
2,633,13.0,-28.0,5.0
2,634,13.0,-28.0,5.0
2,635,13.0,-28.0,5.0
2,636,21.0,-32.0,9.0
2,637,21.0,-32.0,9.0
2,638,21.0,-32.0,9.0
2,639,21.0,-32.0,9.0
2,640,21.0,-32.0,9.0
2,641,21.0,-32.0,9.0
2,642,21.0,-32.0,9.0
2,643,21.0,-32.0,9.0
2,644,21.0,-32.0,9.0
2,645,21.0,-32.0,9.0
2,646,32.0,-54.0,8.0
2,647,32.0,-54.0,8.0
2,648,32.0,-54.0,8.0
2,649,32.0,-54.0,8.0
2,650,32.0,-54.0,8.0
2,651,32.0,-54.0,8.0
2,652,32.0,-54.0,8.0
2,653,32.0,-54.0,8.0
2,654,32.0,-54.0,8.0
2,655,32.0,-54.0,8.0
2,656,44.0,-66.0,10.0
2,657,44.0,-66.0,10.0
2,658,44.0,-66.0,10.0
2,659,44.0,-66.0,10.0
2,660,44.0,-66.0,10.0
2,661,44.0,-66.0,10.0
2,662,44.0,-66.0,10.0
2,663,44.0,-66.0,10.0
2,664,44.0,-66.0,10.0
2,665,44.0,-66.0,10.0
2,666,44.0,-66.0,10.0
2,667,67.0,-64.0,21.0
2,668,67.0,-64.0,21.0
2,669,67.0,-64.0,21.0
2,670,67.0,-64.0,21.0
2,671,67.0,-64.0,21.0
2,672,67.0,-64.0,21.0
2,673,67.0,-64.0,21.0
2,674,67.0,-64.0,21.0
2,675,67.0,-64.0,21.0
2,676,67.0,-64.0,21.0
2,677,68.0,-108.0,19.0
2,678,68.0,-108.0,19.0
2,679,68.0,-108.0,19.0
2,680,68.0,-108.0,19.0
2,681,68.0,-108.0,19.0
2,682,68.0,-108.0,19.0
2,683,68.0,-108.0,19.0
2,684,68.0,-108.0,19.0
2,685,68.0,-108.0,19.0
2,686,68.0,-108.0,19.0
2,687,124.0,-170.0,74.0
2,688,124.0,-170.0,74.0
2,689,124.0,-170.0,74.0
2,690,124.0,-170.0,74.0
2,691,124.0,-170.0,74.0
2,692,124.0,-170.0,74.0
2,693,124.0,-170.0,74.0
2,694,124.0,-170.0,74.0
2,695,124.0,-170.0,74.0
2,696,124.0,-170.0,74.0
2,697,124.0,-170.0,74.0
2,698,134.0,-123.0,72.0
2,699,134.0,-123.0,72.0
2,700,134.0,-123.0,72.0
2,701,134.0,-123.0,72.0
2,702,134.0,-123.0,72.0
2,703,134.0,-123.0,72.0
2,704,134.0,-123.0,72.0
2,705,134.0,-123.0,72.0
2,706,134.0,-123.0,72.0
2,707,134.0,-123.0,72.0
2,708,123.0,92.0,63.0
2,709,123.0,92.0,63.0
2,710,123.0,92.0,63.0
2,711,123.0,92.0,63.0
2,712,123.0,92.0,63.0
2,713,123.0,92.0,63.0
2,714,123.0,92.0,63.0
2,715,123.0,92.0,63.0
2,716,123.0,92.0,63.0
2,717,123.0,92.0,63.0
2,718,159.0,162.0,98.0
2,719,159.0,162.0,98.0
2,720,159.0,162.0,98.0
2,721,159.0,162.0,98.0
2,722,159.0,162.0,98.0
2,723,159.0,162.0,98.0
2,724,159.0,162.0,98.0
2,725,159.0,162.0,98.0
2,726,159.0,162.0,98.0
2,727,159.0,162.0,98.0
2,728,235.0,123.0,162.0
2,729,235.0,123.0,162.0
2,730,235.0,123.0,162.0
2,731,235.0,123.0,162.0
2,732,235.0,123.0,162.0
2,733,235.0,123.0,162.0
2,734,235.0,123.0,162.0
2,735,235.0,123.0,162.0
2,736,235.0,123.0,162.0
2,737,235.0,123.0,162.0
2,738,235.0,123.0,162.0
2,739,108.0,78.0,100.0
2,740,108.0,78.0,100.0
2,741,108.0,78.0,100.0
2,742,108.0,78.0,100.0
2,743,108.0,78.0,100.0
2,744,108.0,78.0,100.0
2,745,108.0,78.0,100.0
2,746,108.0,78.0,100.0
2,747,108.0,78.0,100.0
2,748,108.0,78.0,100.0
2,749,39.0,28.0,46.0
2,750,39.0,28.0,46.0
2,751,39.0,28.0,46.0
2,752,39.0,28.0,46.0
2,753,39.0,28.0,46.0
2,754,39.0,28.0,46.0
2,755,39.0,28.0,46.0
2,756,39.0,28.0,46.0
2,757,39.0,28.0,46.0
2,758,39.0,28.0,46.0
2,759,21.0,-1.0,30.0
2,760,21.0,-1.0,30.0
2,761,21.0,-1.0,30.0
2,762,21.0,-1.0,30.0
2,763,21.0,-1.0,30.0
2,764,21.0,-1.0,30.0
2,765,21.0,-1.0,30.0
2,766,21.0,-1.0,30.0
2,767,21.0,-1.0,30.0
2,768,21.0,-1.0,30.0
2,769,7.0,-22.0,4.0
2,770,7.0,-22.0,4.0
2,771,7.0,-22.0,4.0
2,772,7.0,-22.0,4.0
2,773,8.0,-22.0,4.0
2,774,8.0,-22.0,4.0
2,775,8.0,-22.0,4.0
2,776,8.0,-22.0,4.0
2,777,8.0,-22.0,4.0
2,778,8.0,-22.0,4.0
2,779,8.0,-22.0,4.0
2,780,8.0,-22.0,4.0
2,781,8.0,-22.0,4.0
2,782,8.0,-22.0,4.0
2,783,5.0,-22.0,2.0
2,784,5.0,-22.0,2.0
2,785,5.0,-22.0,2.0
2,786,5.0,-22.0,2.0
2,787,5.0,-22.0,2.0
2,788,5.0,-22.0,2.0
2,789,5.0,-22.0,2.0
2,790,5.0,-22.0,2.0
2,791,5.0,-22.0,2.0
2,792,5.0,-22.0,2.0
2,793,5.0,-20.0,7.0
2,794,5.0,-20.0,7.0
2,795,5.0,-20.0,7.0
2,796,5.0,-20.0,7.0
2,797,5.0,-20.0,7.0
2,798,5.0,-20.0,7.0
2,799,5.0,-20.0,7.0
2,800,5.0,-20.0,7.0
2,801,5.0,-20.0,7.0
2,802,5.0,-20.0,7.0
2,803,5.0,-20.0,7.0
2,804,6.0,-22.0,4.0
2,805,6.0,-22.0,4.0
2,806,6.0,-22.0,4.0
2,807,6.0,-22.0,4.0
2,808,6.0,-22.0,4.0
2,809,6.0,-22.0,4.0
2,810,6.0,-22.0,4.0
2,811,6.0,-22.0,4.0
2,812,6.0,-22.0,4.0
2,813,6.0,-22.0,4.0
2,814,8.0,-21.0,5.0
2,815,8.0,-21.0,5.0
2,816,8.0,-21.0,5.0
2,817,8.0,-21.0,5.0
2,818,8.0,-21.0,5.0
2,819,8.0,-21.0,5.0
2,820,8.0,-21.0,5.0
2,821,8.0,-21.0,5.0
2,822,8.0,-21.0,5.0
2,823,8.0,-21.0,5.0
2,824,8.0,-23.0,5.0
2,825,8.0,-23.0,5.0
2,826,8.0,-23.0,5.0
2,827,8.0,-23.0,5.0
2,828,8.0,-23.0,5.0
2,829,8.0,-23.0,5.0
2,830,8.0,-23.0,5.0
2,831,8.0,-23.0,5.0
2,832,8.0,-23.0,5.0
2,833,8.0,-23.0,5.0
2,834,8.0,-23.0,5.0
2,835,8.0,-21.0,5.0
2,836,8.0,-21.0,5.0
2,837,8.0,-21.0,5.0
2,838,8.0,-21.0,5.0
2,839,8.0,-21.0,5.0
2,840,8.0,-21.0,5.0
2,841,8.0,-21.0,5.0
2,842,8.0,-21.0,5.0
2,843,8.0,-21.0,5.0
2,844,8.0,-21.0,5.0
2,845,6.0,-19.0,5.0
2,846,6.0,-19.0,5.0
2,847,6.0,-19.0,5.0
2,848,6.0,-19.0,5.0
2,849,6.0,-19.0,5.0
2,850,6.0,-19.0,5.0
2,851,6.0,-19.0,5.0
2,852,6.0,-19.0,5.0
2,853,6.0,-19.0,5.0
2,854,6.0,-19.0,5.0
2,855,6.0,-21.0,5.0
2,856,6.0,-21.0,5.0
2,857,6.0,-21.0,5.0
2,858,6.0,-21.0,5.0
2,859,6.0,-21.0,5.0
2,860,6.0,-21.0,5.0
2,861,6.0,-21.0,5.0
2,862,6.0,-21.0,5.0
2,863,6.0,-21.0,5.0
2,864,6.0,-21.0,5.0
2,865,8.0,-22.0,4.0
2,866,8.0,-22.0,4.0
2,867,8.0,-22.0,4.0
2,868,8.0,-22.0,4.0
2,869,8.0,-22.0,4.0
2,870,8.0,-22.0,4.0
2,871,8.0,-22.0,4.0
2,872,8.0,-22.0,4.0
2,873,8.0,-22.0,4.0
2,874,8.0,-22.0,4.0
2,875,8.0,-22.0,4.0
2,876,7.0,-22.0,3.0
2,877,7.0,-22.0,3.0
2,878,7.0,-22.0,3.0
2,879,7.0,-22.0,3.0
2,880,7.0,-22.0,3.0
2,881,7.0,-22.0,3.0
2,882,7.0,-22.0,3.0
2,883,7.0,-22.0,3.0
2,884,7.0,-22.0,3.0
2,885,7.0,-22.0,3.0
2,886,9.0,-23.0,4.0
2,887,9.0,-23.0,4.0
2,888,9.0,-23.0,4.0
2,889,9.0,-23.0,4.0
2,890,9.0,-23.0,4.0
2,891,9.0,-23.0,4.0
2,892,9.0,-23.0,4.0
2,893,9.0,-23.0,4.0
2,894,9.0,-23.0,4.0
2,895,9.0,-23.0,4.0
2,896,7.0,-22.0,1.0
2,897,7.0,-22.0,1.0
2,898,7.0,-22.0,1.0
2,899,7.0,-22.0,1.0
2,900,7.0,-22.0,1.0
2,901,7.0,-22.0,1.0
2,902,7.0,-22.0,1.0
2,903,7.0,-22.0,1.0
2,904,7.0,-22.0,1.0
2,905,7.0,-22.0,1.0
2,906,7.0,-22.0,1.0
2,907,8.0,-22.0,5.0
2,908,8.0,-22.0,5.0
2,909,8.0,-22.0,5.0
2,910,8.0,-22.0,5.0
2,911,8.0,-22.0,5.0
2,912,8.0,-22.0,5.0
2,913,8.0,-22.0,5.0
2,914,8.0,-22.0,5.0
2,915,8.0,-22.0,5.0
2,916,8.0,-22.0,5.0
2,917,6.0,-21.0,4.0
2,918,6.0,-21.0,4.0
2,919,6.0,-21.0,4.0
2,920,6.0,-21.0,4.0
2,921,6.0,-21.0,4.0
2,922,6.0,-21.0,4.0
2,923,6.0,-21.0,4.0
2,924,6.0,-21.0,4.0
2,925,6.0,-21.0,4.0
2,926,6.0,-21.0,4.0
2,927,8.0,-21.0,5.0
2,928,8.0,-21.0,5.0
2,929,8.0,-21.0,5.0
2,930,8.0,-21.0,5.0
2,931,8.0,-21.0,5.0
2,932,8.0,-21.0,5.0
2,933,8.0,-21.0,5.0
2,934,8.0,-21.0,5.0
2,935,8.0,-21.0,5.0
2,936,8.0,-21.0,5.0
2,937,6.0,-22.0,5.0
2,938,6.0,-22.0,5.0
2,939,6.0,-22.0,5.0
2,940,6.0,-22.0,5.0
2,941,6.0,-22.0,5.0
2,942,6.0,-22.0,5.0
2,943,6.0,-22.0,5.0
2,944,6.0,-22.0,5.0
2,945,6.0,-22.0,5.0
2,946,6.0,-22.0,5.0
2,947,6.0,-22.0,5.0
2,948,8.0,-22.0,3.0
2,949,8.0,-22.0,3.0
2,950,8.0,-22.0,3.0
2,951,8.0,-22.0,3.0
2,952,8.0,-22.0,3.0
2,953,8.0,-22.0,3.0
2,954,8.0,-22.0,3.0
2,955,8.0,-22.0,3.0
2,956,8.0,-22.0,3.0
2,957,8.0,-22.0,3.0
2,958,7.0,-23.0,3.0
2,959,7.0,-23.0,3.0
2,960,7.0,-23.0,3.0
2,961,7.0,-23.0,3.0
2,962,7.0,-23.0,3.0
2,963,7.0,-23.0,3.0
2,964,7.0,-23.0,3.0
2,965,7.0,-23.0,3.0
2,966,7.0,-23.0,3.0
2,967,7.0,-23.0,3.0
2,968,7.0,-23.0,3.0
2,969,7.0,-23.0,3.0
2,970,7.0,-23.0,3.0
2,971,7.0,-23.0,3.0
2,972,7.0,-23.0,3.0
2,973,7.0,-23.0,3.0
2,974,7.0,-23.0,3.0
2,975,7.0,-23.0,3.0
2,976,7.0,-23.0,3.0
2,977,7.0,-23.0,3.0
2,978,7.0,-23.0,3.0
2,979,6.0,-22.0,4.0
2,980,6.0,-22.0,4.0
2,981,6.0,-22.0,4.0
2,982,6.0,-22.0,4.0
2,983,6.0,-22.0,4.0
2,984,6.0,-22.0,4.0
2,985,6.0,-22.0,4.0
2,986,6.0,-22.0,4.0
2,987,6.0,-22.0,4.0
2,988,6.0,-22.0,4.0
2,989,6.0,-20.0,5.0
2,990,6.0,-20.0,5.0
2,991,6.0,-20.0,5.0
2,992,6.0,-20.0,5.0
2,993,6.0,-20.0,5.0
2,994,6.0,-20.0,5.0
2,995,6.0,-20.0,5.0
2,996,6.0,-20.0,5.0
2,997,6.0,-20.0,5.0
2,998,6.0,-20.0,5.0
2,999,7.0,-22.0,6.0
3,0,7.0,-22.0,6.0
3,1,7.0,-22.0,6.0
3,2,7.0,-22.0,6.0
3,3,7.0,-22.0,6.0
3,4,7.0,-22.0,6.0
3,5,7.0,-22.0,6.0
3,6,7.0,-22.0,6.0
3,7,7.0,-22.0,6.0
3,8,6.0,-20.0,4.0
3,9,6.0,-20.0,4.0
3,10,6.0,-20.0,4.0
3,11,6.0,-20.0,4.0
3,12,6.0,-20.0,4.0
3,13,6.0,-20.0,4.0
3,14,6.0,-20.0,4.0
3,15,6.0,-20.0,4.0
3,16,6.0,-20.0,4.0
3,17,6.0,-20.0,4.0
3,18,6.0,-20.0,4.0
3,19,6.0,-21.0,5.0
3,20,6.0,-21.0,5.0
3,21,6.0,-21.0,5.0
3,22,6.0,-21.0,5.0
3,23,6.0,-21.0,5.0
3,24,6.0,-21.0,5.0
3,25,6.0,-21.0,5.0
3,26,6.0,-21.0,5.0
3,27,6.0,-21.0,5.0
3,28,6.0,-21.0,5.0
3,29,7.0,-22.0,4.0
3,30,7.0,-22.0,4.0
3,31,7.0,-22.0,4.0
3,32,7.0,-22.0,4.0
3,33,7.0,-22.0,4.0
3,34,7.0,-22.0,4.0
3,35,7.0,-22.0,4.0
3,36,7.0,-22.0,4.0
3,37,7.0,-22.0,4.0
3,38,7.0,-22.0,4.0
3,39,8.0,-23.0,5.0
3,40,8.0,-23.0,5.0
3,41,8.0,-23.0,5.0
3,42,8.0,-23.0,5.0
3,43,8.0,-23.0,5.0
3,44,8.0,-23.0,5.0
3,45,8.0,-23.0,5.0
3,46,8.0,-23.0,5.0
3,47,8.0,-23.0,5.0
3,48,8.0,-23.0,5.0
3,49,8.0,-23.0,5.0
3,50,7.0,-21.0,2.0
3,51,7.0,-21.0,2.0
3,52,7.0,-21.0,2.0
3,53,7.0,-21.0,2.0
3,54,7.0,-21.0,2.0
3,55,7.0,-21.0,2.0
3,56,7.0,-21.0,2.0
3,57,7.0,-21.0,2.0
3,58,7.0,-21.0,2.0
3,59,7.0,-21.0,2.0
3,60,7.0,-21.0,3.0
3,61,7.0,-21.0,3.0
3,62,7.0,-21.0,3.0
3,63,7.0,-21.0,3.0
3,64,7.0,-21.0,3.0
3,65,7.0,-21.0,3.0
3,66,7.0,-21.0,3.0
3,67,7.0,-21.0,3.0
3,68,7.0,-21.0,3.0
3,69,7.0,-21.0,3.0
3,70,8.0,-22.0,5.0
3,71,8.0,-22.0,5.0
3,72,8.0,-22.0,5.0
3,73,8.0,-22.0,5.0
3,74,8.0,-22.0,5.0
3,75,8.0,-22.0,5.0
3,76,8.0,-22.0,5.0
3,77,8.0,-22.0,5.0
3,78,8.0,-22.0,5.0
3,79,8.0,-22.0,5.0
3,80,7.0,-21.0,3.0
3,81,7.0,-21.0,3.0
3,82,7.0,-21.0,3.0
3,83,7.0,-21.0,3.0
3,84,7.0,-21.0,3.0
3,85,7.0,-21.0,3.0
3,86,7.0,-21.0,3.0
3,87,7.0,-21.0,3.0
3,88,7.0,-21.0,3.0
3,89,7.0,-21.0,3.0
3,90,7.0,-21.0,3.0
3,91,7.0,-20.0,5.0
3,92,7.0,-20.0,5.0
3,93,7.0,-20.0,5.0
3,94,7.0,-20.0,5.0
3,95,7.0,-20.0,5.0
3,96,7.0,-20.0,5.0
3,97,7.0,-20.0,5.0
3,98,7.0,-20.0,5.0
3,99,7.0,-20.0,5.0
3,100,7.0,-20.0,5.0
3,101,7.0,-21.0,3.0
3,102,7.0,-21.0,3.0
3,103,7.0,-21.0,3.0
3,104,7.0,-21.0,3.0
3,105,7.0,-21.0,3.0
3,106,7.0,-21.0,3.0
3,107,7.0,-21.0,3.0
3,108,7.0,-21.0,3.0
3,109,7.0,-21.0,3.0
3,110,7.0,-21.0,3.0
3,111,7.0,-21.0,4.0
3,112,7.0,-21.0,4.0
3,113,7.0,-21.0,4.0
3,114,7.0,-21.0,4.0
3,115,7.0,-21.0,4.0
3,116,7.0,-21.0,4.0
3,117,7.0,-21.0,4.0
3,118,7.0,-21.0,4.0
3,119,7.0,-21.0,4.0
3,120,7.0,-21.0,4.0
3,121,7.0,-21.0,4.0
3,122,7.0,-21.0,4.0
3,123,7.0,-21.0,4.0
3,124,7.0,-21.0,4.0
3,125,7.0,-21.0,4.0
3,126,7.0,-21.0,4.0
3,127,7.0,-21.0,4.0
3,128,7.0,-21.0,4.0
3,129,7.0,-21.0,4.0
3,130,7.0,-21.0,4.0
3,131,7.0,-21.0,4.0
3,132,8.0,-21.0,5.0
3,133,8.0,-21.0,5.0
3,134,8.0,-21.0,5.0
3,135,8.0,-21.0,5.0
3,136,8.0,-21.0,5.0
3,137,8.0,-21.0,5.0
3,138,8.0,-21.0,5.0
3,139,8.0,-21.0,5.0
3,140,8.0,-21.0,5.0
3,141,8.0,-21.0,5.0
3,142,6.0,-18.0,4.0
3,143,6.0,-18.0,4.0
3,144,6.0,-18.0,4.0
3,145,6.0,-18.0,4.0
3,146,6.0,-18.0,4.0
3,147,6.0,-18.0,4.0
3,148,6.0,-18.0,4.0
3,149,6.0,-18.0,4.0
3,150,6.0,-18.0,4.0
3,151,6.0,-18.0,4.0
3,152,7.0,-21.0,4.0
3,153,7.0,-21.0,4.0
3,154,7.0,-21.0,4.0
3,155,7.0,-21.0,4.0
3,156,7.0,-21.0,4.0
3,157,7.0,-21.0,4.0
3,158,7.0,-21.0,4.0
3,159,7.0,-21.0,4.0
3,160,7.0,-21.0,4.0
3,161,7.0,-21.0,4.0
3,162,7.0,-21.0,4.0
3,163,8.0,-21.0,5.0
3,164,8.0,-21.0,5.0
3,165,8.0,-21.0,5.0
3,166,8.0,-21.0,5.0
3,167,8.0,-21.0,5.0
3,168,8.0,-21.0,5.0
3,169,8.0,-21.0,5.0
3,170,8.0,-21.0,5.0
3,171,8.0,-21.0,5.0
3,172,8.0,-21.0,5.0
3,173,6.0,-22.0,5.0
3,174,6.0,-22.0,5.0
3,175,6.0,-22.0,5.0
3,176,6.0,-22.0,5.0
3,177,6.0,-22.0,5.0
3,178,6.0,-22.0,5.0
3,179,6.0,-22.0,5.0
3,180,6.0,-22.0,5.0
3,181,6.0,-22.0,5.0
3,182,6.0,-22.0,5.0
3,183,7.0,-22.0,5.0
3,184,7.0,-22.0,5.0
3,185,7.0,-22.0,5.0
3,186,7.0,-22.0,5.0
3,187,7.0,-22.0,5.0
3,188,7.0,-22.0,5.0
3,189,7.0,-22.0,5.0
3,190,7.0,-22.0,5.0
3,191,7.0,-22.0,5.0
3,192,7.0,-22.0,5.0
3,193,7.0,-22.0,5.0
3,194,6.0,-21.0,2.0
3,195,6.0,-21.0,2.0
3,196,6.0,-21.0,2.0
3,197,6.0,-21.0,2.0
3,198,6.0,-21.0,2.0
3,199,6.0,-21.0,2.0
3,200,6.0,-21.0,2.0
3,201,6.0,-21.0,2.0
3,202,6.0,-21.0,2.0
3,203,6.0,-21.0,2.0
3,204,6.0,-19.0,4.0
3,205,6.0,-19.0,4.0
3,206,6.0,-19.0,4.0
3,207,6.0,-19.0,4.0
3,208,6.0,-19.0,4.0
3,209,6.0,-19.0,4.0
3,210,6.0,-19.0,4.0
3,211,6.0,-19.0,4.0
3,212,6.0,-19.0,4.0
3,213,6.0,-19.0,4.0
3,214,8.0,-21.0,3.0
3,215,8.0,-21.0,3.0
3,216,8.0,-21.0,3.0
3,217,8.0,-21.0,3.0
3,218,8.0,-21.0,3.0
3,219,8.0,-21.0,3.0
3,220,8.0,-21.0,3.0
3,221,8.0,-21.0,3.0
3,222,8.0,-21.0,3.0
3,223,8.0,-21.0,3.0
3,224,7.0,-21.0,5.0
3,225,7.0,-21.0,5.0
3,226,7.0,-21.0,5.0
3,227,7.0,-21.0,5.0
3,228,7.0,-21.0,5.0
3,229,7.0,-21.0,5.0
3,230,7.0,-21.0,5.0
3,231,7.0,-21.0,5.0
3,232,7.0,-21.0,5.0
3,233,7.0,-21.0,5.0
3,234,7.0,-21.0,5.0
3,235,6.0,-22.0,5.0
3,236,6.0,-22.0,5.0
3,237,6.0,-22.0,5.0
3,238,6.0,-22.0,5.0
3,239,6.0,-22.0,5.0
3,240,6.0,-22.0,5.0
3,241,6.0,-22.0,5.0
3,242,6.0,-22.0,5.0
3,243,6.0,-22.0,5.0
3,244,6.0,-22.0,5.0
3,245,5.0,-21.0,5.0
3,246,5.0,-21.0,5.0
3,247,5.0,-21.0,5.0
3,248,5.0,-21.0,5.0
3,249,5.0,-21.0,5.0
3,250,5.0,-21.0,5.0
3,251,5.0,-21.0,5.0
3,252,5.0,-21.0,5.0
3,253,5.0,-21.0,5.0
3,254,5.0,-21.0,5.0
3,255,7.0,-22.0,5.0
3,256,7.0,-22.0,5.0
3,257,7.0,-22.0,5.0
3,258,7.0,-22.0,5.0
3,259,7.0,-22.0,5.0
3,260,7.0,-22.0,5.0
3,261,7.0,-22.0,5.0
3,262,7.0,-22.0,5.0
3,263,7.0,-22.0,5.0
3,264,7.0,-22.0,5.0
3,265,7.0,-22.0,5.0
3,266,7.0,-20.0,4.0
3,267,7.0,-20.0,4.0
3,268,7.0,-20.0,4.0
3,269,7.0,-20.0,4.0
3,270,7.0,-20.0,4.0
3,271,7.0,-20.0,4.0
3,272,7.0,-20.0,4.0
3,273,7.0,-20.0,4.0
3,274,7.0,-20.0,4.0
3,275,7.0,-20.0,4.0
3,276,5.0,-21.0,3.0
3,277,5.0,-21.0,3.0
3,278,5.0,-21.0,3.0
3,279,5.0,-21.0,3.0
3,280,5.0,-21.0,3.0
3,281,5.0,-21.0,3.0
3,282,5.0,-21.0,3.0
3,283,5.0,-21.0,3.0
3,284,5.0,-21.0,3.0
3,285,5.0,-21.0,3.0
3,286,5.0,-20.0,6.0
3,287,5.0,-20.0,6.0
3,288,5.0,-20.0,6.0
3,289,5.0,-20.0,6.0
3,290,5.0,-20.0,6.0
3,291,5.0,-20.0,6.0
3,292,5.0,-20.0,6.0
3,293,5.0,-20.0,6.0
3,294,5.0,-20.0,6.0
3,295,5.0,-20.0,6.0
3,296,5.0,-20.0,3.0
3,297,5.0,-20.0,3.0
3,298,5.0,-20.0,3.0
3,299,5.0,-20.0,3.0
3,300,5.0,-20.0,3.0
3,301,5.0,-20.0,3.0
3,302,5.0,-20.0,3.0
3,303,5.0,-20.0,3.0
3,304,5.0,-20.0,3.0
3,305,5.0,-20.0,3.0
3,306,5.0,-20.0,3.0
3,307,6.0,-19.0,2.0
3,308,6.0,-19.0,2.0
3,309,6.0,-19.0,2.0
3,310,6.0,-19.0,2.0
3,311,6.0,-19.0,2.0
3,312,6.0,-19.0,2.0
3,313,6.0,-19.0,2.0
3,314,6.0,-19.0,2.0
3,315,6.0,-19.0,2.0
3,316,6.0,-19.0,2.0
3,317,7.0,-21.0,4.0
3,318,7.0,-21.0,4.0
3,319,7.0,-21.0,4.0
3,320,7.0,-21.0,4.0
3,321,7.0,-21.0,4.0
3,322,7.0,-21.0,4.0
3,323,7.0,-21.0,4.0
3,324,7.0,-21.0,4.0
3,325,7.0,-21.0,4.0
3,326,7.0,-21.0,4.0
3,327,6.0,-20.0,3.0
3,328,6.0,-20.0,3.0
3,329,6.0,-20.0,3.0
3,330,6.0,-20.0,3.0
3,331,6.0,-20.0,3.0
3,332,6.0,-20.0,3.0
3,333,6.0,-20.0,3.0
3,334,6.0,-20.0,3.0
3,335,6.0,-20.0,3.0
3,336,6.0,-20.0,3.0
3,337,6.0,-20.0,3.0
3,338,9.0,-21.0,4.0
3,339,9.0,-21.0,4.0
3,340,9.0,-21.0,4.0
3,341,9.0,-21.0,4.0
3,342,9.0,-21.0,4.0
3,343,9.0,-21.0,4.0
3,344,9.0,-21.0,4.0
3,345,9.0,-21.0,4.0
3,346,9.0,-21.0,4.0
3,347,9.0,-21.0,4.0
3,348,6.0,-20.0,5.0
3,349,6.0,-20.0,5.0
3,350,6.0,-20.0,5.0
3,351,6.0,-20.0,5.0
3,352,6.0,-20.0,5.0
3,353,6.0,-20.0,5.0
3,354,6.0,-20.0,5.0
3,355,6.0,-20.0,5.0
3,356,6.0,-20.0,5.0
3,357,6.0,-20.0,5.0
3,358,6.0,-20.0,6.0
3,359,6.0,-20.0,6.0
3,360,6.0,-20.0,6.0
3,361,6.0,-20.0,6.0
3,362,6.0,-20.0,6.0
3,363,6.0,-20.0,6.0
3,364,6.0,-20.0,6.0
3,365,6.0,-20.0,6.0
3,366,6.0,-20.0,6.0
3,367,6.0,-20.0,6.0
3,368,7.0,-21.0,5.0
3,369,7.0,-21.0,5.0
3,370,7.0,-21.0,5.0
3,371,7.0,-21.0,5.0
3,372,7.0,-21.0,5.0
3,373,7.0,-21.0,5.0
3,374,7.0,-21.0,5.0
3,375,7.0,-21.0,5.0
3,376,7.0,-21.0,5.0
3,377,7.0,-21.0,5.0
3,378,7.0,-21.0,5.0
3,379,6.0,-21.0,6.0
3,380,6.0,-21.0,6.0
3,381,6.0,-21.0,6.0
3,382,6.0,-21.0,6.0
3,383,6.0,-21.0,6.0
3,384,6.0,-21.0,6.0
3,385,6.0,-21.0,6.0
3,386,6.0,-21.0,6.0
3,387,6.0,-21.0,6.0
3,388,6.0,-21.0,6.0
3,389,7.0,-21.0,5.0
3,390,7.0,-21.0,5.0
3,391,7.0,-21.0,5.0
3,392,7.0,-21.0,5.0
3,393,7.0,-21.0,5.0
3,394,7.0,-21.0,5.0
3,395,7.0,-21.0,5.0
3,396,7.0,-21.0,5.0
3,397,7.0,-21.0,5.0
3,398,7.0,-21.0,5.0
3,399,8.0,-23.0,5.0
3,400,8.0,-23.0,5.0
3,401,8.0,-23.0,5.0
3,402,8.0,-23.0,5.0
3,403,8.0,-23.0,5.0
3,404,8.0,-23.0,5.0
3,405,8.0,-23.0,5.0
3,406,8.0,-23.0,5.0
3,407,8.0,-23.0,5.0
3,408,8.0,-23.0,5.0
3,409,8.0,-23.0,5.0
3,410,9.0,-21.0,5.0
3,411,9.0,-21.0,5.0
3,412,9.0,-21.0,5.0
3,413,9.0,-21.0,5.0
3,414,9.0,-21.0,5.0
3,415,9.0,-21.0,5.0
3,416,9.0,-21.0,5.0
3,417,9.0,-21.0,5.0
3,418,9.0,-21.0,5.0
3,419,9.0,-21.0,5.0
3,420,8.0,-22.0,4.0
3,421,8.0,-22.0,4.0
3,422,8.0,-22.0,4.0
3,423,8.0,-22.0,4.0
3,424,8.0,-22.0,4.0
3,425,8.0,-22.0,4.0
3,426,8.0,-22.0,4.0
3,427,8.0,-22.0,4.0
3,428,8.0,-22.0,4.0
3,429,8.0,-22.0,4.0
3,430,9.0,-22.0,4.0
3,431,9.0,-22.0,4.0
3,432,9.0,-22.0,4.0
3,433,9.0,-22.0,4.0
3,434,9.0,-22.0,4.0
3,435,9.0,-22.0,4.0
3,436,9.0,-22.0,4.0
3,437,9.0,-22.0,4.0
3,438,9.0,-22.0,4.0
3,439,9.0,-22.0,4.0
3,440,8.0,-22.0,4.0
3,441,8.0,-22.0,4.0
3,442,8.0,-22.0,4.0
3,443,8.0,-22.0,4.0
3,444,8.0,-22.0,4.0
3,445,8.0,-22.0,4.0
3,446,8.0,-22.0,4.0
3,447,8.0,-22.0,4.0
3,448,8.0,-22.0,4.0
3,449,8.0,-22.0,4.0
3,450,8.0,-22.0,4.0
3,451,8.0,-21.0,4.0
3,452,8.0,-21.0,4.0
3,453,8.0,-21.0,4.0
3,454,8.0,-21.0,4.0
3,455,8.0,-21.0,4.0
3,456,8.0,-21.0,4.0
3,457,8.0,-21.0,4.0
3,458,8.0,-21.0,4.0
3,459,8.0,-21.0,4.0
3,460,8.0,-21.0,4.0
3,461,7.0,-19.0,5.0
3,462,7.0,-19.0,5.0
3,463,7.0,-19.0,5.0
3,464,7.0,-19.0,5.0
3,465,7.0,-19.0,5.0
3,466,7.0,-19.0,5.0
3,467,7.0,-19.0,5.0
3,468,7.0,-19.0,5.0
3,469,7.0,-19.0,5.0
3,470,7.0,-19.0,5.0
3,471,7.0,-20.0,3.0
3,472,7.0,-20.0,3.0
3,473,7.0,-20.0,3.0
3,474,7.0,-20.0,3.0
3,475,7.0,-20.0,3.0
3,476,7.0,-20.0,3.0
3,477,7.0,-20.0,3.0
3,478,7.0,-20.0,3.0
3,479,7.0,-20.0,3.0
3,480,7.0,-20.0,3.0
3,481,7.0,-20.0,3.0
3,482,6.0,-19.0,4.0
3,483,6.0,-19.0,4.0
3,484,6.0,-19.0,4.0
3,485,6.0,-19.0,4.0
3,486,6.0,-19.0,4.0
3,487,6.0,-19.0,4.0
3,488,6.0,-19.0,4.0
3,489,6.0,-19.0,4.0
3,490,6.0,-19.0,4.0
3,491,6.0,-19.0,4.0
3,492,8.0,-20.0,4.0
3,493,8.0,-20.0,4.0
3,494,8.0,-20.0,4.0
3,495,8.0,-20.0,4.0
3,496,8.0,-20.0,4.0
3,497,8.0,-20.0,4.0
3,498,8.0,-20.0,4.0
3,499,8.0,-20.0,4.0
3,500,8.0,-20.0,4.0
3,501,8.0,-20.0,4.0
3,502,8.0,-19.0,4.0
3,503,8.0,-19.0,4.0
3,504,8.0,-19.0,4.0
3,505,8.0,-19.0,4.0
3,506,8.0,-19.0,4.0
3,507,8.0,-19.0,4.0
3,508,8.0,-19.0,4.0
3,509,8.0,-19.0,4.0
3,510,8.0,-19.0,4.0
3,511,8.0,-19.0,4.0
3,512,8.0,-19.0,4.0
3,513,8.0,-19.0,4.0
3,514,8.0,-19.0,4.0
3,515,8.0,-19.0,4.0
3,516,8.0,-19.0,4.0
3,517,8.0,-19.0,4.0
3,518,8.0,-19.0,4.0
3,519,8.0,-19.0,4.0
3,520,8.0,-19.0,4.0
3,521,8.0,-19.0,4.0
3,522,8.0,-19.0,4.0
3,523,8.0,-17.0,4.0
3,524,8.0,-17.0,4.0
3,525,8.0,-17.0,4.0
3,526,8.0,-17.0,4.0
3,527,8.0,-17.0,4.0
3,528,8.0,-17.0,4.0
3,529,8.0,-17.0,4.0
3,530,8.0,-17.0,4.0
3,531,8.0,-17.0,4.0
3,532,8.0,-17.0,4.0
3,533,8.0,-20.0,3.0
3,534,8.0,-20.0,3.0
3,535,8.0,-20.0,3.0
3,536,8.0,-20.0,3.0
3,537,8.0,-20.0,3.0
3,538,8.0,-20.0,3.0
3,539,8.0,-20.0,3.0
3,540,8.0,-20.0,3.0
3,541,8.0,-20.0,3.0
3,542,8.0,-20.0,3.0
3,543,9.0,-22.0,4.0
3,544,9.0,-22.0,4.0
3,545,9.0,-22.0,4.0
3,546,9.0,-22.0,4.0
3,547,9.0,-22.0,4.0
3,548,9.0,-22.0,4.0
3,549,9.0,-22.0,4.0
3,550,9.0,-22.0,4.0
3,551,9.0,-22.0,4.0
3,552,9.0,-22.0,4.0
3,553,9.0,-22.0,4.0
3,554,9.0,-23.0,5.0
3,555,9.0,-23.0,5.0
3,556,9.0,-23.0,5.0
3,557,9.0,-23.0,5.0
3,558,9.0,-23.0,5.0
3,559,9.0,-23.0,5.0
3,560,9.0,-23.0,5.0
3,561,9.0,-23.0,5.0
3,562,9.0,-23.0,5.0
3,563,9.0,-23.0,5.0
3,564,10.0,-19.0,5.0
3,565,10.0,-19.0,5.0
3,566,10.0,-19.0,5.0
3,567,10.0,-19.0,5.0
3,568,10.0,-19.0,5.0
3,569,10.0,-19.0,5.0
3,570,10.0,-19.0,5.0
3,571,10.0,-19.0,5.0
3,572,10.0,-19.0,5.0
3,573,10.0,-19.0,5.0
3,574,13.0,-21.0,7.0
3,575,13.0,-21.0,7.0
3,576,13.0,-21.0,7.0
3,577,13.0,-21.0,7.0
3,578,13.0,-21.0,7.0
3,579,13.0,-21.0,7.0
3,580,13.0,-21.0,7.0
3,581,13.0,-21.0,7.0
3,582,13.0,-21.0,7.0
3,583,13.0,-21.0,7.0
3,584,9.0,-21.0,5.0
3,585,9.0,-21.0,5.0
3,586,9.0,-21.0,5.0
3,587,9.0,-21.0,5.0
3,588,9.0,-21.0,5.0
3,589,9.0,-21.0,5.0
3,590,9.0,-21.0,5.0
3,591,9.0,-21.0,5.0
3,592,9.0,-21.0,5.0
3,593,9.0,-21.0,5.0
3,594,9.0,-21.0,5.0
3,595,11.0,-23.0,5.0
3,596,11.0,-23.0,5.0
3,597,11.0,-23.0,5.0
3,598,11.0,-23.0,5.0
3,599,11.0,-23.0,5.0
3,600,11.0,-23.0,5.0
3,601,11.0,-23.0,5.0
3,602,11.0,-23.0,5.0
3,603,11.0,-23.0,5.0
3,604,11.0,-23.0,5.0
3,605,5.0,-34.0,6.0
3,606,5.0,-34.0,6.0
3,607,5.0,-34.0,6.0
3,608,5.0,-34.0,6.0
3,609,5.0,-34.0,6.0
3,610,5.0,-34.0,6.0
3,611,5.0,-34.0,6.0
3,612,5.0,-34.0,6.0
3,613,5.0,-34.0,6.0
3,614,5.0,-34.0,6.0
3,615,24.0,-35.0,12.0
3,616,24.0,-35.0,12.0
3,617,24.0,-35.0,12.0
3,618,24.0,-35.0,12.0
3,619,24.0,-35.0,12.0
3,620,24.0,-35.0,12.0
3,621,24.0,-35.0,12.0
3,622,24.0,-35.0,12.0
3,623,24.0,-35.0,12.0
3,624,24.0,-35.0,12.0
3,625,24.0,-35.0,12.0
3,626,13.0,-28.0,5.0
3,627,13.0,-28.0,5.0
3,628,13.0,-28.0,5.0
3,629,13.0,-28.0,5.0
3,630,13.0,-28.0,5.0
3,631,13.0,-28.0,5.0
3,632,13.0,-28.0,5.0
3,633,13.0,-28.0,5.0
3,634,13.0,-28.0,5.0
3,635,13.0,-28.0,5.0
3,636,21.0,-32.0,9.0
3,637,21.0,-32.0,9.0
3,638,21.0,-32.0,9.0
3,639,21.0,-32.0,9.0
3,640,21.0,-32.0,9.0
3,641,21.0,-32.0,9.0
3,642,21.0,-32.0,9.0
3,643,21.0,-32.0,9.0
3,644,21.0,-32.0,9.0
3,645,21.0,-32.0,9.0
3,646,32.0,-54.0,8.0
3,647,32.0,-54.0,8.0
3,648,32.0,-54.0,8.0
3,649,32.0,-54.0,8.0
3,650,32.0,-54.0,8.0
3,651,32.0,-54.0,8.0
3,652,32.0,-54.0,8.0
3,653,32.0,-54.0,8.0
3,654,32.0,-54.0,8.0
3,655,32.0,-54.0,8.0
3,656,44.0,-66.0,10.0
3,657,44.0,-66.0,10.0
3,658,44.0,-66.0,10.0
3,659,44.0,-66.0,10.0
3,660,44.0,-66.0,10.0
3,661,44.0,-66.0,10.0
3,662,44.0,-66.0,10.0
3,663,44.0,-66.0,10.0
3,664,44.0,-66.0,10.0
3,665,44.0,-66.0,10.0
3,666,44.0,-66.0,10.0
3,667,67.0,-64.0,21.0
3,668,67.0,-64.0,21.0
3,669,67.0,-64.0,21.0
3,670,67.0,-64.0,21.0
3,671,67.0,-64.0,21.0
3,672,67.0,-64.0,21.0
3,673,67.0,-64.0,21.0
3,674,67.0,-64.0,21.0
3,675,67.0,-64.0,21.0
3,676,67.0,-64.0,21.0
3,677,68.0,-108.0,19.0
3,678,68.0,-108.0,19.0
3,679,68.0,-108.0,19.0
3,680,68.0,-108.0,19.0
3,681,68.0,-108.0,19.0
3,682,68.0,-108.0,19.0
3,683,68.0,-108.0,19.0
3,684,68.0,-108.0,19.0
3,685,68.0,-108.0,19.0
3,686,68.0,-108.0,19.0
3,687,124.0,-170.0,74.0
3,688,124.0,-170.0,74.0
3,689,124.0,-170.0,74.0
3,690,124.0,-170.0,74.0
3,691,124.0,-170.0,74.0
3,692,124.0,-170.0,74.0
3,693,124.0,-170.0,74.0
3,694,124.0,-170.0,74.0
3,695,124.0,-170.0,74.0
3,696,124.0,-170.0,74.0
3,697,124.0,-170.0,74.0
3,698,134.0,-123.0,72.0
3,699,134.0,-123.0,72.0
3,700,134.0,-123.0,72.0
3,701,134.0,-123.0,72.0
3,702,134.0,-123.0,72.0
3,703,134.0,-123.0,72.0
3,704,134.0,-123.0,72.0
3,705,134.0,-123.0,72.0
3,706,134.0,-123.0,72.0
3,707,134.0,-123.0,72.0
3,708,123.0,92.0,63.0
3,709,123.0,92.0,63.0
3,710,123.0,92.0,63.0
3,711,123.0,92.0,63.0
3,712,123.0,92.0,63.0
3,713,123.0,92.0,63.0
3,714,123.0,92.0,63.0
3,715,123.0,92.0,63.0
3,716,123.0,92.0,63.0
3,717,123.0,92.0,63.0
3,718,159.0,162.0,98.0
3,719,159.0,162.0,98.0
3,720,159.0,162.0,98.0
3,721,159.0,162.0,98.0
3,722,159.0,162.0,98.0
3,723,159.0,162.0,98.0
3,724,159.0,162.0,98.0
3,725,159.0,162.0,98.0
3,726,159.0,162.0,98.0
3,727,159.0,162.0,98.0
3,728,235.0,123.0,162.0
3,729,235.0,123.0,162.0
3,730,235.0,123.0,162.0
3,731,235.0,123.0,162.0
3,732,235.0,123.0,162.0
3,733,235.0,123.0,162.0
3,734,235.0,123.0,162.0
3,735,235.0,123.0,162.0
3,736,235.0,123.0,162.0
3,737,235.0,123.0,162.0
3,738,235.0,123.0,162.0
3,739,108.0,78.0,100.0
3,740,108.0,78.0,100.0
3,741,108.0,78.0,100.0
3,742,108.0,78.0,100.0
3,743,108.0,78.0,100.0
3,744,108.0,78.0,100.0
3,745,108.0,78.0,100.0
3,746,108.0,78.0,100.0
3,747,108.0,78.0,100.0
3,748,108.0,78.0,100.0
3,749,39.0,28.0,46.0
3,750,39.0,28.0,46.0
3,751,39.0,28.0,46.0
3,752,39.0,28.0,46.0
3,753,39.0,28.0,46.0
3,754,39.0,28.0,46.0
3,755,39.0,28.0,46.0
3,756,39.0,28.0,46.0
3,757,39.0,28.0,46.0
3,758,39.0,28.0,46.0
3,759,21.0,-1.0,30.0
3,760,21.0,-1.0,30.0
3,761,21.0,-1.0,30.0
3,762,21.0,-1.0,30.0
3,763,21.0,-1.0,30.0
3,764,21.0,-1.0,30.0
3,765,21.0,-1.0,30.0
3,766,21.0,-1.0,30.0
3,767,21.0,-1.0,30.0
3,768,21.0,-1.0,30.0
3,769,7.0,-22.0,4.0
3,770,7.0,-22.0,4.0
3,771,7.0,-22.0,4.0
3,772,7.0,-22.0,4.0
3,773,8.0,-22.0,4.0
3,774,8.0,-22.0,4.0
3,775,8.0,-22.0,4.0
3,776,8.0,-22.0,4.0
3,777,8.0,-22.0,4.0
3,778,8.0,-22.0,4.0
3,779,8.0,-22.0,4.0
3,780,8.0,-22.0,4.0
3,781,8.0,-22.0,4.0
3,782,8.0,-22.0,4.0
3,783,5.0,-22.0,2.0
3,784,5.0,-22.0,2.0
3,785,5.0,-22.0,2.0
3,786,5.0,-22.0,2.0
3,787,5.0,-22.0,2.0
3,788,5.0,-22.0,2.0
3,789,5.0,-22.0,2.0
3,790,5.0,-22.0,2.0
3,791,5.0,-22.0,2.0
3,792,5.0,-22.0,2.0
3,793,5.0,-20.0,7.0
3,794,5.0,-20.0,7.0
3,795,5.0,-20.0,7.0
3,796,5.0,-20.0,7.0
3,797,5.0,-20.0,7.0
3,798,5.0,-20.0,7.0
3,799,5.0,-20.0,7.0
3,800,5.0,-20.0,7.0
3,801,5.0,-20.0,7.0
3,802,5.0,-20.0,7.0
3,803,5.0,-20.0,7.0
3,804,6.0,-22.0,4.0
3,805,6.0,-22.0,4.0
3,806,6.0,-22.0,4.0
3,807,6.0,-22.0,4.0
3,808,6.0,-22.0,4.0
3,809,6.0,-22.0,4.0
3,810,6.0,-22.0,4.0
3,811,6.0,-22.0,4.0
3,812,6.0,-22.0,4.0
3,813,6.0,-22.0,4.0
3,814,8.0,-21.0,5.0
3,815,8.0,-21.0,5.0
3,816,8.0,-21.0,5.0
3,817,8.0,-21.0,5.0
3,818,8.0,-21.0,5.0
3,819,8.0,-21.0,5.0
3,820,8.0,-21.0,5.0
3,821,8.0,-21.0,5.0
3,822,8.0,-21.0,5.0
3,823,8.0,-21.0,5.0
3,824,8.0,-23.0,5.0
3,825,8.0,-23.0,5.0
3,826,8.0,-23.0,5.0
3,827,8.0,-23.0,5.0
3,828,8.0,-23.0,5.0
3,829,8.0,-23.0,5.0
3,830,8.0,-23.0,5.0
3,831,8.0,-23.0,5.0
3,832,8.0,-23.0,5.0
3,833,8.0,-23.0,5.0
3,834,8.0,-23.0,5.0
3,835,8.0,-21.0,5.0
3,836,8.0,-21.0,5.0
3,837,8.0,-21.0,5.0
3,838,8.0,-21.0,5.0
3,839,8.0,-21.0,5.0
3,840,8.0,-21.0,5.0
3,841,8.0,-21.0,5.0
3,842,8.0,-21.0,5.0
3,843,8.0,-21.0,5.0
3,844,8.0,-21.0,5.0
3,845,6.0,-19.0,5.0
3,846,6.0,-19.0,5.0
3,847,6.0,-19.0,5.0
3,848,6.0,-19.0,5.0
3,849,6.0,-19.0,5.0
3,850,6.0,-19.0,5.0
3,851,6.0,-19.0,5.0
3,852,6.0,-19.0,5.0
3,853,6.0,-19.0,5.0
3,854,6.0,-19.0,5.0
3,855,6.0,-21.0,5.0
3,856,6.0,-21.0,5.0
3,857,6.0,-21.0,5.0
3,858,6.0,-21.0,5.0
3,859,6.0,-21.0,5.0
3,860,6.0,-21.0,5.0
3,861,6.0,-21.0,5.0
3,862,6.0,-21.0,5.0
3,863,6.0,-21.0,5.0
3,864,6.0,-21.0,5.0
3,865,8.0,-22.0,4.0
3,866,8.0,-22.0,4.0
3,867,8.0,-22.0,4.0
3,868,8.0,-22.0,4.0
3,869,8.0,-22.0,4.0
3,870,8.0,-22.0,4.0
3,871,8.0,-22.0,4.0
3,872,8.0,-22.0,4.0
3,873,8.0,-22.0,4.0
3,874,8.0,-22.0,4.0
3,875,8.0,-22.0,4.0
3,876,7.0,-22.0,3.0
3,877,7.0,-22.0,3.0
3,878,7.0,-22.0,3.0
3,879,7.0,-22.0,3.0
3,880,7.0,-22.0,3.0
3,881,7.0,-22.0,3.0
3,882,7.0,-22.0,3.0
3,883,7.0,-22.0,3.0
3,884,7.0,-22.0,3.0
3,885,7.0,-22.0,3.0
3,886,9.0,-23.0,4.0
3,887,9.0,-23.0,4.0
3,888,9.0,-23.0,4.0
3,889,9.0,-23.0,4.0
3,890,9.0,-23.0,4.0
3,891,9.0,-23.0,4.0
3,892,9.0,-23.0,4.0
3,893,9.0,-23.0,4.0
3,894,9.0,-23.0,4.0
3,895,9.0,-23.0,4.0
3,896,7.0,-22.0,1.0
3,897,7.0,-22.0,1.0
3,898,7.0,-22.0,1.0
3,899,7.0,-22.0,1.0
3,900,7.0,-22.0,1.0
3,901,7.0,-22.0,1.0
3,902,7.0,-22.0,1.0
3,903,7.0,-22.0,1.0
3,904,7.0,-22.0,1.0
3,905,7.0,-22.0,1.0
3,906,7.0,-22.0,1.0
3,907,8.0,-22.0,5.0
3,908,8.0,-22.0,5.0
3,909,8.0,-22.0,5.0
3,910,8.0,-22.0,5.0
3,911,8.0,-22.0,5.0
3,912,8.0,-22.0,5.0
3,913,8.0,-22.0,5.0
3,914,8.0,-22.0,5.0
3,915,8.0,-22.0,5.0
3,916,8.0,-22.0,5.0
3,917,6.0,-21.0,4.0
3,918,6.0,-21.0,4.0
3,919,6.0,-21.0,4.0
3,920,6.0,-21.0,4.0
3,921,6.0,-21.0,4.0
3,922,6.0,-21.0,4.0
3,923,6.0,-21.0,4.0
3,924,6.0,-21.0,4.0
3,925,6.0,-21.0,4.0
3,926,6.0,-21.0,4.0
3,927,8.0,-21.0,5.0
3,928,8.0,-21.0,5.0
3,929,8.0,-21.0,5.0
3,930,8.0,-21.0,5.0
3,931,8.0,-21.0,5.0
3,932,8.0,-21.0,5.0
3,933,8.0,-21.0,5.0
3,934,8.0,-21.0,5.0
3,935,8.0,-21.0,5.0
3,936,8.0,-21.0,5.0
3,937,6.0,-22.0,5.0
3,938,6.0,-22.0,5.0
3,939,6.0,-22.0,5.0
3,940,6.0,-22.0,5.0
3,941,6.0,-22.0,5.0
3,942,6.0,-22.0,5.0
3,943,6.0,-22.0,5.0
3,944,6.0,-22.0,5.0
3,945,6.0,-22.0,5.0
3,946,6.0,-22.0,5.0
3,947,6.0,-22.0,5.0
3,948,8.0,-22.0,3.0
3,949,8.0,-22.0,3.0
3,950,8.0,-22.0,3.0
3,951,8.0,-22.0,3.0
3,952,8.0,-22.0,3.0
3,953,8.0,-22.0,3.0
3,954,8.0,-22.0,3.0
3,955,8.0,-22.0,3.0
3,956,8.0,-22.0,3.0
3,957,8.0,-22.0,3.0
3,958,7.0,-23.0,3.0
3,959,7.0,-23.0,3.0
3,960,7.0,-23.0,3.0
3,961,7.0,-23.0,3.0
3,962,7.0,-23.0,3.0
3,963,7.0,-23.0,3.0
3,964,7.0,-23.0,3.0
3,965,7.0,-23.0,3.0
3,966,7.0,-23.0,3.0
3,967,7.0,-23.0,3.0
3,968,7.0,-23.0,3.0
3,969,7.0,-23.0,3.0
3,970,7.0,-23.0,3.0
3,971,7.0,-23.0,3.0
3,972,7.0,-23.0,3.0
3,973,7.0,-23.0,3.0
3,974,7.0,-23.0,3.0
3,975,7.0,-23.0,3.0
3,976,7.0,-23.0,3.0
3,977,7.0,-23.0,3.0
3,978,7.0,-23.0,3.0
3,979,6.0,-22.0,4.0
3,980,6.0,-22.0,4.0
3,981,6.0,-22.0,4.0
3,982,6.0,-22.0,4.0
3,983,6.0,-22.0,4.0
3,984,6.0,-22.0,4.0
3,985,6.0,-22.0,4.0
3,986,6.0,-22.0,4.0
3,987,6.0,-22.0,4.0
3,988,6.0,-22.0,4.0
3,989,6.0,-20.0,5.0
3,990,6.0,-20.0,5.0
3,991,6.0,-20.0,5.0
3,992,6.0,-20.0,5.0
3,993,6.0,-20.0,5.0
3,994,6.0,-20.0,5.0
3,995,6.0,-20.0,5.0
3,996,6.0,-20.0,5.0
3,997,6.0,-20.0,5.0
3,998,6.0,-20.0,5.0
3,999,7.0,-22.0,6.0
